colony,depth,date,reef,score,mortality,C.SH,D.SH,tot.SH,propD,syms,dom,tdom,vis,days,year
1,5,10/24/14,HIMB,1,0,0.012346028,NA,0.012346028,0,C,C,C,bleached,0,y1
1,5,11/4/14,HIMB,1,0,0.021994088,NA,0.021994088,0,C,C,C,bleached,11,y1
1,5,11/24/14,HIMB,1,0,0.017473972,8.58E-05,0.017559805,0.004888011,CD,C,C,bleached,31,y1
1,5,12/16/14,HIMB,2,0,0.002198361,NA,0.002198361,0,C,C,C,bleached,53,y1
1,5,1/14/15,HIMB,NA,missing,NA,NA,NA,NA,NA,NA,NA,NA,82,y1
1,5,5/6/15,HIMB,NA,missing,NA,NA,NA,NA,NA,NA,NA,NA,194,y1
1,5,8/11/15,HIMB,NA,missing,NA,NA,NA,NA,NA,NA,NA,NA,291,y2
1,5,9/14/15,HIMB,NA,missing,NA,NA,NA,NA,NA,NA,NA,NA,325,y2
1,5,10/1/15,HIMB,NA,missing,NA,NA,NA,NA,NA,NA,NA,NA,342,y2
1,5,10/21/15,HIMB,NA,missing,NA,NA,NA,NA,NA,NA,NA,NA,362,y2
1,5,11/4/15,HIMB,NA,missing,NA,NA,NA,NA,NA,NA,NA,NA,376,y2
1,5,12/17/15,HIMB,NA,missing,NA,NA,NA,NA,NA,NA,NA,NA,419,y2
1,5,1/20/16,HIMB,NA,missing,NA,NA,NA,NA,NA,NA,NA,NA,453,y2
1,5,2/11/16,HIMB,NA,missing,NA,NA,NA,NA,NA,NA,NA,NA,475,y2
109,6,10/24/14,44,1,0,0.001674141,NA,0.001674141,0,C,C,C,bleached,0,y1
109,6,11/4/14,44,2,0,0.004335889,NA,0.004335889,0,C,C,C,bleached,11,y1
109,6,11/24/14,44,2,0,0.011369348,NA,0.011369348,0,C,C,C,bleached,31,y1
109,6,12/16/14,44,2,0,0.119191463,NA,0.119191463,0,C,C,C,bleached,53,y1
109,6,1/14/15,44,2,0,NA,NA,NA,NA,NA,NA,NA,NA,82,y1
109,6,5/6/15,44,3,0,0.023995333,NA,0.023995333,0,C,C,C,bleached,194,y1
109,6,8/11/15,44,2,0,0.010206935,0,0.010206935,0,C,C,C,bleached,291,y2
109,6,9/14/15,44,1,0,0.013889549,0,0.013889549,0,C,C,C,bleached,325,y2
109,6,10/1/15,44,1,0,0.007057845,0,0.007057845,0,C,C,C,bleached,342,y2
109,6,10/21/15,44,1,0,NA,NA,NA,NA,NA,NA,NA,NA,362,y2
109,6,11/4/15,44,2,0,0.196969418,0,0.196969418,0,C,C,C,bleached,376,y2
109,6,12/4/15,44,NA,NA,0.081777261,0,0.081777261,0,C,C,C,bleached,406,y2
109,6,12/17/15,44,2,1,0.199802086,0,0.199802086,0,C,C,C,bleached,419,y2
109,6,1/20/16,44,2,1,0.016177624,0,0.016177624,0,C,C,C,bleached,453,y2
109,6,2/11/16,44,2,1,0.198862555,0,0.198862555,0,C,C,C,bleached,475,y2
109,6,3/31/16,44,NA,NA,0.046626487,0,0.046626487,0,C,C,C,bleached,524,y2
11,2,10/24/14,HIMB,1,0,0.009122883,NA,0.009122883,0,C,C,C,bleached,0,y1
11,2,11/4/14,HIMB,1,0,0.003098331,NA,0.003098331,0,C,C,C,bleached,11,y1
11,2,11/24/14,HIMB,1,0,0.01403928,NA,0.01403928,0,C,C,C,bleached,31,y1
11,2,12/16/14,HIMB,1,0,0.000786589,NA,0.000786589,0,C,C,C,bleached,53,y1
11,2,1/14/15,HIMB,1,1,0.021440383,NA,0.021440383,0,C,C,C,bleached,82,y1
11,2,5/6/15,HIMB,2,1,0.043743039,NA,0.043743039,0,C,C,C,bleached,194,y1
11,2,8/11/15,HIMB,2,1,0.137813923,0,0.137813923,0,C,C,D,bleached,291,y2
11,2,9/14/15,HIMB,1,1,0.002719663,0,0.002719663,0,C,C,D,bleached,325,y2
11,2,10/1/15,HIMB,1,1,0,0,2.00E-05,NA,NA,NA,D,bleached,342,y2
11,2,10/21/15,HIMB,1,1,2.55E-05,0,2.55E-05,0,C,C,D,bleached,362,y2
11,2,11/4/15,HIMB,1,1,0,0,2.00E-05,NA,NA,NA,D,bleached,376,y2
11,2,12/4/15,HIMB,NA,NA,0,0.513311032,0.513311032,1,D,D,D,bleached,406,y2
11,2,12/17/15,HIMB,2,2,0,0.569909668,0.569909668,1,D,D,D,bleached,419,y2
11,2,1/20/16,HIMB,2,2,0.002848649,0.238614757,0.241463406,0.988202565,DC,D,D,bleached,453,y2
11,2,2/11/16,HIMB,2,2,0.000142129,0.214761184,0.214903314,0.999338635,DC,D,D,bleached,475,y2
11,2,3/31/16,HIMB,NA,NA,0,0.182106607,0.182106607,1,D,D,D,bleached,524,y2
110,6,10/24/14,44,3,0,0.571206582,NA,0.571206582,0,C,C,C,not bleached,0,y1
110,6,11/4/14,44,3,0,NA,NA,NA,NA,NA,NA,NA,NA,11,y1
110,6,11/24/14,44,3,0,0.078375517,NA,0.078375517,0,C,C,C,not bleached,31,y1
110,6,12/16/14,44,3,0,0.062463662,NA,0.062463662,0,C,C,C,not bleached,53,y1
110,6,1/14/15,44,3,0,0.894841303,NA,0.894841303,0,C,C,C,not bleached,82,y1
110,6,5/6/15,44,3,0,0.066072979,NA,0.066072979,0,C,C,C,not bleached,194,y1
110,6,8/11/15,44,3,0,0.07178835,0,0.07178835,0,C,C,C,not bleached,291,y2
110,6,9/14/15,44,3,0,0.159905731,0,0.159905731,0,C,C,C,not bleached,325,y2
110,6,10/1/15,44,3,0,0.038529134,0,0.038529134,0,C,C,C,not bleached,342,y2
110,6,10/21/15,44,3,0,NA,NA,NA,NA,NA,NA,NA,NA,362,y2
110,6,11/4/15,44,3,0,0.282523651,0,0.282523651,0,C,C,C,not bleached,376,y2
110,6,12/4/15,44,NA,NA,0.186112073,0,0.186112073,0,C,C,C,not bleached,406,y2
110,6,12/17/15,44,3,0,0.055429337,0,0.055429337,0,C,C,C,not bleached,419,y2
110,6,1/20/16,44,3,0,0.049674304,0.002930891,0.052605195,0.055714864,CD,C,C,not bleached,453,y2
110,6,2/11/16,44,3,0,0.297661297,0,0.297661297,0,C,C,C,not bleached,475,y2
110,6,3/31/16,44,NA,NA,0.123030981,0,0.123030981,0,C,C,C,not bleached,524,y2
111,2,10/24/14,44,1,0,0.00075176,NA,0.00075176,0,C,C,C,bleached,0,y1
111,2,11/4/14,44,1,1,0.000967305,NA,0.000967305,0,C,C,C,bleached,11,y1
111,2,11/24/14,44,2,1,0.188221447,NA,0.188221447,0,C,C,C,bleached,31,y1
111,2,12/16/14,44,2,2,0.221324952,NA,0.221324952,0,C,C,C,bleached,53,y1
111,2,1/14/15,44,3,2,NA,NA,NA,NA,NA,NA,NA,NA,82,y1
111,2,5/6/15,44,2,2,NA,NA,NA,NA,NA,NA,NA,NA,194,y1
111,2,8/11/15,44,1,2,NA,NA,NA,NA,NA,NA,NA,NA,291,y2
111,2,9/14/15,44,1,2,NA,NA,NA,NA,NA,NA,NA,NA,325,y2
111,2,10/1/15,44,1,2,NA,NA,NA,NA,NA,NA,NA,NA,342,y2
111,2,10/21/15,44,1,2,NA,NA,NA,NA,NA,NA,NA,NA,362,y2
111,2,11/4/15,44,1,2,NA,NA,NA,NA,NA,NA,NA,NA,376,y2
111,2,12/17/15,44,3,2,NA,NA,NA,NA,NA,NA,NA,NA,419,y2
111,2,1/20/16,44,3,2,NA,NA,NA,NA,NA,NA,NA,NA,453,y2
111,2,2/11/16,44,3,2,NA,NA,NA,NA,NA,NA,NA,NA,475,y2
112,2,10/24/14,44,3,0,0.006292896,0.061723057,0.068015953,0.907479116,DC,D,D,not bleached,0,y1
112,2,11/4/14,44,3,0,0.005072351,0.079334756,0.084407107,0.939906112,DC,D,D,not bleached,11,y1
112,2,11/24/14,44,3,0,0.001810141,2.203303393,2.205113534,0.999179116,DC,D,D,not bleached,31,y1
112,2,12/16/14,44,3,0,0.00984267,0.608261327,0.618103997,0.984076029,DC,D,D,not bleached,53,y1
112,2,1/14/15,44,3,0,0.079505353,1.84212043,1.921625783,0.958625996,DC,D,D,not bleached,82,y1
112,2,5/6/15,44,3,0,NA,NA,NA,NA,NA,NA,NA,NA,194,y1
112,2,8/11/15,44,3,0,0.005195735,0.162589407,0.167785142,0.969033403,DC,D,D,not bleached,291,y2
112,2,9/14/15,44,3,0,0,0.328577403,0.328577403,1,D,D,D,not bleached,325,y2
112,2,10/1/15,44,3,0,0.003477566,0.086731819,0.090209385,0.961450066,DC,D,D,not bleached,342,y2
112,2,10/21/15,44,3,0,NA,NA,NA,NA,NA,NA,NA,NA,362,y2
112,2,11/4/15,44,3,0,0.000287858,0.188855561,0.189143419,0.998478098,DC,D,D,not bleached,376,y2
112,2,12/4/15,44,NA,NA,0.006473867,0.163278323,0.16975219,0.961862834,DC,D,D,not bleached,406,y2
112,2,12/17/15,44,3,0,6.03E-05,0.214902649,0.214962979,0.999719345,DC,D,D,not bleached,419,y2
112,2,1/20/16,44,3,0,0.001958403,0.091848831,0.093807234,0.979123111,DC,D,D,not bleached,453,y2
112,2,2/11/16,44,3,0,0.007326773,0.64821988,0.655546652,0.988823415,DC,D,D,not bleached,475,y2
112,2,3/31/16,44,NA,NA,0.004147172,0.054964928,0.0591121,0.929842251,DC,D,D,not bleached,524,y2
119,5,10/24/14,44,1,0,0.010710063,2.07E-05,0.010730789,0.001931449,CD,C,C,bleached,0,y1
119,5,11/4/14,44,2,0,0.013243621,0.009030522,0.022274143,0.405426238,CD,C,C,bleached,11,y1
119,5,11/24/14,44,2,0,2.72721046,0.068093088,2.795303548,0.024359819,CD,C,C,bleached,31,y1
119,5,12/16/14,44,2,0,0.03186106,0.011537664,0.043398724,0.265852603,CD,C,C,bleached,53,y1
119,5,1/14/15,44,2,0,0.320930472,0.000767272,0.321697744,0.002385071,CD,C,C,bleached,82,y1
119,5,5/6/15,44,3,0,0.053220705,0.008784041,0.062004746,0.141667231,CD,C,C,bleached,194,y1
119,5,8/11/15,44,2,0,0.07278291,0.008683276,0.081466187,0.106587487,CD,C,C,bleached,291,y2
119,5,9/14/15,44,2,0,0.029870052,0.070005165,0.099875217,0.700926287,DC,D,C,bleached,325,y2
119,5,10/1/15,44,2,0,0.017967625,0.011508193,0.029475819,0.390428286,CD,C,C,bleached,342,y2
119,5,10/21/15,44,2,0,NA,NA,NA,NA,NA,NA,NA,NA,362,y2
119,5,11/4/15,44,3,0,0.196301561,0.123707525,0.320009087,0.38657504,CD,C,C,bleached,376,y2
119,5,12/4/15,44,NA,NA,0.020682345,0.181275414,0.201957758,0.89759074,DC,D,C,bleached,406,y2
119,5,12/17/15,44,3,0,0.428537557,0.444376728,0.872914286,0.509072581,DC,D,C,bleached,419,y2
119,5,1/20/16,44,2,0,0.016976626,0.031845982,0.048822608,0.652279414,DC,D,C,bleached,453,y2
119,5,2/11/16,44,3,0,0.055515851,0.160701486,0.216217336,0.743240521,DC,D,C,bleached,475,y2
119,5,3/31/16,44,NA,NA,0.001485839,0.026905691,0.02839153,0.947666116,DC,D,C,bleached,524,y2
12,2,10/24/14,HIMB,3,0,5.44E-05,0.051841422,0.051895782,0.998952524,DC,D,D,not bleached,0,y1
12,2,11/4/14,HIMB,3,0,0.000236093,0.126030875,0.126266968,0.998130205,DC,D,D,not bleached,11,y1
12,2,11/24/14,HIMB,3,0,5.36E-05,0.052798408,0.052852058,0.998984905,DC,D,D,not bleached,31,y1
12,2,12/16/14,HIMB,3,0,6.73E-05,0.088583987,0.088651274,0.999240996,DC,D,D,not bleached,53,y1
12,2,1/14/15,HIMB,NA,missing,NA,NA,NA,NA,NA,NA,NA,NA,82,y1
12,2,5/6/15,HIMB,NA,missing,NA,NA,NA,NA,NA,NA,NA,NA,194,y1
12,2,8/11/15,HIMB,NA,missing,NA,NA,NA,NA,NA,NA,NA,NA,291,y2
12,2,9/14/15,HIMB,NA,missing,NA,NA,NA,NA,NA,NA,NA,NA,325,y2
12,2,10/1/15,HIMB,NA,missing,NA,NA,NA,NA,NA,NA,NA,NA,342,y2
12,2,10/21/15,HIMB,NA,missing,NA,NA,NA,NA,NA,NA,NA,NA,362,y2
12,2,11/4/15,HIMB,NA,missing,NA,NA,NA,NA,NA,NA,NA,NA,376,y2
12,2,12/17/15,HIMB,NA,missing,NA,NA,NA,NA,NA,NA,NA,NA,419,y2
12,2,1/20/16,HIMB,NA,missing,NA,NA,NA,NA,NA,NA,NA,NA,453,y2
12,2,2/11/16,HIMB,NA,missing,NA,NA,NA,NA,NA,NA,NA,NA,475,y2
120,5,10/24/14,44,3,0,0.096538485,0.17814199,0.274680475,0.6485426,DC,D,D,not bleached,0,y1
120,5,11/4/14,44,3,0,0.033095812,0.104946375,0.138042187,0.760248568,DC,D,D,not bleached,11,y1
120,5,11/24/14,44,3,0,0.018914968,0.055853376,0.074768344,0.74701903,DC,D,D,not bleached,31,y1
120,5,12/16/14,44,3,0,0.019673295,0.071939753,0.091613048,0.785256629,DC,D,D,not bleached,53,y1
120,5,1/14/15,44,3,0,NA,NA,NA,NA,NA,NA,NA,NA,82,y1
120,5,5/6/15,44,3,0,NA,0.375672145,0.375672145,1,D,D,D,not bleached,194,y1
120,5,8/11/15,44,3,0,0.04617941,0.258198974,0.304378384,0.848282886,DC,D,D,not bleached,291,y2
120,5,9/14/15,44,3,0,0.047110536,0.022840771,0.069951307,0.326523865,CD,C,D,not bleached,325,y2
120,5,10/1/15,44,3,0,0.15945194,0.644367293,0.803819232,0.801632092,DC,D,D,not bleached,342,y2
120,5,10/21/15,44,3,0,NA,NA,NA,NA,NA,NA,NA,NA,362,y2
120,5,11/4/15,44,3,0,0.021370931,0.058389597,0.079760528,0.732061318,DC,D,D,not bleached,376,y2
120,5,12/4/15,44,NA,NA,0.015445106,0.179512371,0.194957476,0.920777054,DC,D,D,not bleached,406,y2
120,5,12/17/15,44,3,0,0.331284717,1.082716227,1.414000944,0.765711106,DC,D,D,not bleached,419,y2
120,5,1/20/16,44,3,0,0.029920821,0.08195667,0.11187749,0.732557277,DC,D,D,not bleached,453,y2
120,5,2/11/16,44,3,0,0.007304967,0.034063138,0.041368106,0.823415472,DC,D,D,not bleached,475,y2
120,5,3/31/16,44,NA,NA,0.114947226,0.431776063,0.546723289,0.789752462,DC,D,D,not bleached,524,y2
121,7,10/24/14,44,1,0,0.013342644,NA,0.013342644,0,C,C,C,bleached,0,y1
121,7,11/4/14,44,1,0,0.024496039,NA,0.024496039,0,C,C,C,bleached,11,y1
121,7,11/24/14,44,2,0,0.010386934,0.000751918,0.011138852,0.067504065,CD,C,C,bleached,31,y1
121,7,12/16/14,44,2,0,0.131141563,NA,0.131141563,0,C,C,C,bleached,53,y1
121,7,1/14/15,44,3,0,NA,NA,NA,NA,NA,NA,NA,NA,82,y1
121,7,5/6/15,44,3,0,0.151548782,NA,0.151548782,0,C,C,C,bleached,194,y1
121,7,8/11/15,44,1,0,0.068113924,0,0.068113924,0,C,C,C,bleached,291,y2
121,7,9/14/15,44,1,0,0.044262954,0,0.044262954,0,C,C,C,bleached,325,y2
121,7,10/1/15,44,1,0,0.032711541,0,0.032711541,0,C,C,C,bleached,342,y2
121,7,10/21/15,44,1,0,0.044660511,0,0.044660511,0,C,C,C,bleached,362,y2
121,7,11/4/15,44,2,0,1.582596589,0,1.582596589,0,C,C,C,bleached,376,y2
121,7,12/4/15,44,NA,NA,0.087119746,0,0.087119746,0,C,C,C,bleached,406,y2
121,7,12/17/15,44,3,0,0.04798554,0,0.04798554,0,C,C,C,bleached,419,y2
121,7,1/20/16,44,3,0,0.061558144,0,0.061558144,0,C,C,C,bleached,453,y2
121,7,2/11/16,44,3,0,0.246326467,0,0.246326467,0,C,C,C,bleached,475,y2
121,7,3/31/16,44,NA,NA,0.249436337,0,0.249436337,0,C,C,C,bleached,524,y2
122,7,10/24/14,44,3,0,0.031323693,0.000686314,0.032010008,0.02144062,CD,C,C,not bleached,0,y1
122,7,11/4/14,44,3,0,0.095247151,0.006873741,0.102120892,0.067309838,CD,C,C,not bleached,11,y1
122,7,11/24/14,44,3,0,1.093540443,NA,1.093540443,0,C,C,C,not bleached,31,y1
122,7,12/16/14,44,3,0,0.021367573,0.000502218,0.021869791,0.022963991,CD,C,C,not bleached,53,y1
122,7,1/14/15,44,3,0,NA,NA,NA,NA,NA,NA,NA,NA,82,y1
122,7,5/6/15,44,3,0,0.036503449,NA,0.036503449,0,C,C,C,not bleached,194,y1
122,7,8/11/15,44,3,0,0.083120236,0.011820257,0.094940492,0.124501742,CD,C,C,not bleached,291,y2
122,7,9/14/15,44,3,0,0.205875428,0.001165937,0.207041364,0.005631419,CD,C,C,not bleached,325,y2
122,7,10/1/15,44,2,0,0.022179852,0,0.022179852,0,C,C,C,not bleached,342,y2
122,7,10/21/15,44,3,0,0.227737465,0.008116678,0.235854143,0.034413974,CD,C,C,not bleached,362,y2
122,7,11/4/15,44,3,0,0.0383453,0.003241113,0.041586413,0.077936833,CD,C,C,not bleached,376,y2
122,7,12/4/15,44,NA,NA,0.020315062,0.00663037,0.026945432,0.246066582,CD,C,C,not bleached,406,y2
122,7,12/17/15,44,3,0,0.063746659,0.001844512,0.065591172,0.028121351,CD,C,C,not bleached,419,y2
122,7,1/20/16,44,3,0,0.034286716,0.002518194,0.03680491,0.068420056,CD,C,C,not bleached,453,y2
122,7,2/11/16,44,3,0,0.038715191,0.007719404,0.046434595,0.166242519,CD,C,C,not bleached,475,y2
122,7,3/31/16,44,NA,NA,0.053671259,0,0.053671259,0,C,C,C,not bleached,524,y2
123,10,10/24/14,44,1,0,0.086163621,NA,0.086163621,0,C,C,C,bleached,0,y1
123,10,11/4/14,44,NA,No pic,NA,NA,NA,NA,NA,NA,NA,NA,11,y1
123,10,11/24/14,44,2,0,2.889615042,NA,2.889615042,0,C,C,C,bleached,31,y1
123,10,12/16/14,44,2,0,0.395362102,NA,0.395362102,0,C,C,C,bleached,53,y1
123,10,1/14/15,44,3,0,1.518785218,NA,1.518785218,0,C,C,C,bleached,82,y1
123,10,5/6/15,44,3,0,0.010991274,2.01E-05,0.011011389,0.001826752,CD,C,C,bleached,194,y1
123,10,8/11/15,44,1,0,0.119724769,0,0.119724769,0,C,C,C,bleached,291,y2
123,10,9/14/15,44,1,0,0.008188663,0,0.008188663,0,C,C,C,bleached,325,y2
123,10,10/1/15,44,1,0,0.000534487,0,0.000534487,0,C,C,C,bleached,342,y2
123,10,10/21/15,44,1,1,NA,NA,NA,NA,NA,NA,NA,NA,362,y2
123,10,11/4/15,44,1,1,0.431518271,0,0.431518271,0,C,C,C,bleached,376,y2
123,10,12/4/15,44,NA,NA,0.065355096,0,0.065355096,0,C,C,C,bleached,406,y2
123,10,12/17/15,44,3,1,0.264748342,0,0.264748342,0,C,C,C,bleached,419,y2
123,10,1/20/16,44,3,1,NA,NA,NA,NA,NA,NA,NA,NA,453,y2
123,10,2/11/16,44,3,1,0.030292271,0,0.030292271,0,C,C,C,bleached,475,y2
123,10,3/31/16,44,NA,NA,0.068601957,0,0.068601957,0,C,C,C,bleached,524,y2
124,10,10/24/14,44,3,0,0.027175182,NA,0.027175182,0,C,C,C,not bleached,0,y1
124,10,11/4/14,44,NA,No pic,NA,NA,NA,NA,NA,NA,NA,NA,11,y1
124,10,11/24/14,44,3,0,0.09788375,NA,0.09788375,0,C,C,C,not bleached,31,y1
124,10,12/16/14,44,3,0,0.109545127,NA,0.109545127,0,C,C,C,not bleached,53,y1
124,10,1/14/15,44,3,0,0.037359726,NA,0.037359726,0,C,C,C,not bleached,82,y1
124,10,5/6/15,44,3,0,0.110389153,NA,0.110389153,0,C,C,C,not bleached,194,y1
124,10,8/11/15,44,3,0,0.031293212,0,0.031293212,0,C,C,C,not bleached,291,y2
124,10,9/14/15,44,3,0,0.23703854,0,0.23703854,0,C,C,C,not bleached,325,y2
124,10,10/1/15,44,3,0,0.025119361,0,0.025119361,0,C,C,C,not bleached,342,y2
124,10,10/21/15,44,3,0,NA,NA,NA,NA,NA,NA,NA,NA,362,y2
124,10,11/4/15,44,3,0,0.19216847,0,0.19216847,0,C,C,C,not bleached,376,y2
124,10,12/4/15,44,NA,NA,0.050481324,0,0.050481324,0,C,C,C,not bleached,406,y2
124,10,12/17/15,44,3,0,0.031584128,0,0.031584128,0,C,C,C,not bleached,419,y2
124,10,1/20/16,44,3,0,0.063950239,0,0.063950239,0,C,C,C,not bleached,453,y2
124,10,2/11/16,44,3,0,0.130741907,0,0.130741907,0,C,C,C,not bleached,475,y2
124,10,3/31/16,44,NA,NA,0.048964961,0,0.048964961,0,C,C,C,not bleached,524,y2
125,7,10/24/14,44,1,0,0.001566121,NA,0.001566121,0,C,C,C,bleached,0,y1
125,7,11/4/14,44,2,0,0.064965896,0.001010786,0.065976682,0.015320357,CD,C,C,bleached,11,y1
125,7,11/24/14,44,2,0,0.038178252,0.000866877,0.039045129,0.022201928,CD,C,C,bleached,31,y1
125,7,12/16/14,44,2,0,0.133367528,0.055676766,0.189044294,0.294517042,CD,C,C,bleached,53,y1
125,7,1/14/15,44,2,0,0.034898356,0.045331509,0.080229865,0.565020378,DC,D,C,bleached,82,y1
125,7,5/6/15,44,3,0,0.025914912,NA,0.025914912,0,C,C,C,bleached,194,y1
125,7,8/11/15,44,2,0,0.01694782,0.006065344,0.023013164,0.263559755,CD,C,C,bleached,291,y2
125,7,9/14/15,44,1,1,0.025386293,0.010232519,0.035618812,0.287278506,CD,C,C,bleached,325,y2
125,7,10/1/15,44,1,1,0.000592722,0.000121855,0.000714577,0.170527633,CD,C,C,bleached,342,y2
125,7,10/21/15,44,2,1,NA,NA,NA,NA,NA,NA,NA,NA,362,y2
125,7,11/4/15,44,2,1,0.167089566,0.021009056,0.188098622,0.111691708,CD,C,C,bleached,376,y2
125,7,12/4/15,44,NA,NA,0.008148745,0.043447145,0.051595889,0.842066008,DC,D,C,bleached,406,y2
125,7,12/17/15,44,2,1,0.179181495,0.015646732,0.194828227,0.080310396,CD,C,C,bleached,419,y2
125,7,1/20/16,44,2,1,0.021935989,0.031596426,0.053532414,0.590229788,DC,D,C,bleached,453,y2
125,7,2/11/16,44,2,1,0.003524645,0.036346372,0.039871017,0.911598825,DC,D,C,bleached,475,y2
125,7,3/31/16,44,NA,NA,0.0101755,0.021637913,0.031813413,0.680150626,DC,D,C,bleached,524,y2
126,7,10/24/14,44,3,0,1.34E-05,0.040658192,0.040671621,0.999669826,DC,D,D,not bleached,0,y1
126,7,11/4/14,44,3,0,NA,0.044983659,0.044983659,1,D,D,D,not bleached,11,y1
126,7,11/24/14,44,3,0,NA,0.136162591,0.136162591,1,D,D,D,not bleached,31,y1
126,7,12/16/14,44,3,0,NA,0.406268909,0.406268909,1,D,D,D,not bleached,53,y1
126,7,1/14/15,44,3,0,NA,NA,NA,NA,NA,NA,NA,NA,82,y1
126,7,5/6/15,44,3,0,NA,0.616030519,0.616030519,1,D,D,D,not bleached,194,y1
126,7,8/11/15,44,3,0,0,0.062049146,0.062049146,1,D,D,D,not bleached,291,y2
126,7,9/14/15,44,3,0,0,0.336296384,0.336296384,1,D,D,D,not bleached,325,y2
126,7,10/1/15,44,3,0,0,0.006119397,0.006119397,1,D,D,D,not bleached,342,y2
126,7,10/21/15,44,3,0,0,0.456569114,0.456569114,1,D,D,D,not bleached,362,y2
126,7,11/4/15,44,3,0,0,0.122563828,0.122563828,1,D,D,D,not bleached,376,y2
126,7,12/4/15,44,NA,NA,0,0.094742475,0.094742475,1,D,D,D,not bleached,406,y2
126,7,12/17/15,44,3,0,0,0.201577312,0.201577312,1,D,D,D,not bleached,419,y2
126,7,1/20/16,44,3,0,0,0.296818963,0.296818963,1,D,D,D,not bleached,453,y2
126,7,2/11/16,44,3,0,0,0.146188849,0.146188849,1,D,D,D,not bleached,475,y2
126,7,3/31/16,44,NA,NA,0,0.036777193,0.036777193,1,D,D,D,not bleached,524,y2
127,10,10/24/14,44,1,0,0.057475977,NA,0.057475977,0,C,C,C,bleached,0,y1
127,10,11/4/14,44,NA,No pic,NA,NA,NA,NA,NA,NA,NA,NA,11,y1
127,10,11/24/14,44,2,0,2.479629526,NA,2.479629526,0,C,C,C,bleached,31,y1
127,10,12/16/14,44,2,0,0.133065479,NA,0.133065479,0,C,C,C,bleached,53,y1
127,10,1/14/15,44,3,0,NA,NA,NA,NA,NA,NA,NA,NA,82,y1
127,10,5/6/15,44,3,0,0.174571496,NA,0.174571496,0,C,C,C,bleached,194,y1
127,10,8/11/15,44,3,0,0.170624125,0,0.170624125,0,C,C,C,bleached,291,y2
127,10,9/14/15,44,NA,missing,NA,NA,NA,NA,NA,NA,NA,NA,325,y2
127,10,10/1/15,44,NA,missing,NA,NA,NA,NA,NA,NA,NA,NA,342,y2
127,10,10/21/15,44,NA,missing,NA,NA,NA,NA,NA,NA,NA,NA,362,y2
127,10,11/4/15,44,NA,missing,NA,NA,NA,NA,NA,NA,NA,NA,376,y2
127,10,12/17/15,44,NA,missing,NA,NA,NA,NA,NA,NA,NA,NA,419,y2
127,10,1/20/16,44,NA,missing,NA,NA,NA,NA,NA,NA,NA,NA,453,y2
127,10,2/11/16,44,NA,missing,NA,NA,NA,NA,NA,NA,NA,NA,475,y2
128,10,10/24/14,44,3,0,0.355929119,0.010205874,0.366134993,0.02787462,CD,C,C,not bleached,0,y1
128,10,11/4/14,44,NA,No pic,NA,NA,NA,NA,NA,NA,NA,NA,11,y1
128,10,11/24/14,44,3,0,0.97470638,0.245004671,1.219711051,0.200871076,CD,C,C,not bleached,31,y1
128,10,12/16/14,44,3,0,0.04432282,0.083906282,0.128229103,0.654346638,DC,D,C,not bleached,53,y1
128,10,1/14/15,44,NA,missing,NA,NA,NA,NA,NA,NA,NA,NA,82,y1
128,10,5/6/15,44,NA,missing,NA,NA,NA,NA,NA,NA,NA,NA,194,y1
128,10,8/11/15,44,NA,missing,NA,NA,NA,NA,NA,NA,NA,NA,291,y2
128,10,9/14/15,44,NA,missing,NA,NA,NA,NA,NA,NA,NA,NA,325,y2
128,10,10/1/15,44,NA,missing,NA,NA,NA,NA,NA,NA,NA,NA,342,y2
128,10,10/21/15,44,NA,missing,NA,NA,NA,NA,NA,NA,NA,NA,362,y2
128,10,11/4/15,44,NA,missing,NA,NA,NA,NA,NA,NA,NA,NA,376,y2
128,10,12/17/15,44,NA,missing,NA,NA,NA,NA,NA,NA,NA,NA,419,y2
128,10,1/20/16,44,NA,missing,NA,NA,NA,NA,NA,NA,NA,NA,453,y2
128,10,2/11/16,44,NA,missing,NA,NA,NA,NA,NA,NA,NA,NA,475,y2
129,6,10/24/14,44,1,0,0.003238711,NA,0.003238711,0,C,C,C,bleached,0,y1
129,6,11/4/14,44,1,1,0.008575094,NA,0.008575094,0,C,C,C,bleached,11,y1
129,6,11/24/14,44,1,2,0.007607709,NA,0.007607709,0,C,C,C,bleached,31,y1
129,6,12/16/14,44,0,3,NA,NA,NA,NA,NA,NA,NA,NA,53,y1
129,6,1/14/15,44,0,3,NA,NA,NA,NA,NA,NA,NA,NA,82,y1
129,6,5/6/15,44,0,3,NA,NA,NA,NA,NA,NA,NA,NA,194,y1
129,6,8/11/15,44,0,3,NA,NA,NA,NA,NA,NA,NA,NA,291,y2
129,6,9/14/15,44,0,3,NA,NA,NA,NA,NA,NA,NA,NA,325,y2
129,6,10/1/15,44,0,3,NA,NA,NA,NA,NA,NA,NA,NA,342,y2
129,6,10/21/15,44,0,3,NA,NA,NA,NA,NA,NA,NA,NA,362,y2
129,6,11/4/15,44,0,3,NA,NA,NA,NA,NA,NA,NA,NA,376,y2
129,6,12/17/15,44,0,3,NA,NA,NA,NA,NA,NA,NA,NA,419,y2
129,6,1/20/16,44,0,3,NA,NA,NA,NA,NA,NA,NA,NA,453,y2
129,6,2/11/16,44,0,3,NA,NA,NA,NA,NA,NA,NA,NA,475,y2
130,6,10/24/14,44,3,0,3.207470014,NA,3.207470014,0,C,C,C,not bleached,0,y1
130,6,11/4/14,44,3,0,0.552223461,NA,0.552223461,0,C,C,C,not bleached,11,y1
130,6,11/24/14,44,3,0,0.114934403,NA,0.114934403,0,C,C,C,not bleached,31,y1
130,6,12/16/14,44,3,0,NA,NA,NA,NA,NA,NA,NA,NA,53,y1
130,6,1/14/15,44,3,0,0.094899043,NA,0.094899043,0,C,C,C,not bleached,82,y1
130,6,5/6/15,44,3,0,0.862765805,NA,0.862765805,0,C,C,C,not bleached,194,y1
130,6,8/11/15,44,2,0,NA,NA,NA,NA,NA,NA,NA,NA,291,y2
130,6,9/14/15,44,1,0,0.000307749,0,0.000307749,0,C,C,C,not bleached,325,y2
130,6,10/1/15,44,1,2,NA,NA,NA,NA,NA,NA,NA,NA,342,y2
130,6,10/21/15,44,0,3,NA,NA,NA,NA,NA,NA,NA,NA,362,y2
130,6,11/4/15,44,0,3,NA,NA,NA,NA,NA,NA,NA,NA,376,y2
130,6,12/17/15,44,0,3,NA,NA,NA,NA,NA,NA,NA,NA,419,y2
130,6,1/20/16,44,0,3,NA,NA,NA,NA,NA,NA,NA,NA,453,y2
130,6,2/11/16,44,0,3,NA,NA,NA,NA,NA,NA,NA,NA,475,y2
131,8,10/24/14,44,1,0,0.004096332,NA,0.004096332,0,C,C,C,bleached,0,y1
131,8,11/4/14,44,1,0,0.002833608,NA,0.002833608,0,C,C,C,bleached,11,y1
131,8,11/24/14,44,2,0,0.015562381,NA,0.015562381,0,C,C,C,bleached,31,y1
131,8,12/16/14,44,2,0,0.020606081,NA,0.020606081,0,C,C,C,bleached,53,y1
131,8,1/14/15,44,2,0,0.030901713,NA,0.030901713,0,C,C,C,bleached,82,y1
131,8,5/6/15,44,3,0,0.167194219,NA,0.167194219,0,C,C,C,bleached,194,y1
131,8,8/11/15,44,2,0,0.028540285,0,0.028540285,0,C,C,C,bleached,291,y2
131,8,9/14/15,44,1,1,0.000331959,0,0.000331959,0,C,C,C,bleached,325,y2
131,8,10/1/15,44,1,1,0.000115633,0,0.000115633,0,C,C,C,bleached,342,y2
131,8,10/21/15,44,1,1,NA,NA,NA,NA,NA,NA,NA,NA,362,y2
131,8,11/4/15,44,1,2,0.007044893,0,0.007044893,0,C,C,C,bleached,376,y2
131,8,12/4/15,44,NA,NA,0.003227971,0,0.003227971,0,C,C,C,bleached,406,y2
131,8,12/17/15,44,2,2,NA,NA,NA,NA,NA,NA,NA,NA,419,y2
131,8,1/20/16,44,2,2,0.11034503,0,0.11034503,0,C,C,C,bleached,453,y2
131,8,2/11/16,44,2,2,0.051445673,0,0.051445673,0,C,C,C,bleached,475,y2
131,8,3/31/16,44,NA,NA,0.034156254,0,0.034156254,0,C,C,C,bleached,524,y2
132,8,10/24/14,44,3,0,0.099404683,NA,0.099404683,0,C,C,C,not bleached,0,y1
132,8,11/4/14,44,3,0,0.029832159,NA,0.029832159,0,C,C,C,not bleached,11,y1
132,8,11/24/14,44,3,0,0.186892984,NA,0.186892984,0,C,C,C,not bleached,31,y1
132,8,12/16/14,44,3,0,0.020625787,NA,0.020625787,0,C,C,C,not bleached,53,y1
132,8,1/14/15,44,3,0,0.056192767,NA,0.056192767,0,C,C,C,not bleached,82,y1
132,8,5/6/15,44,3,0,0.109776152,NA,0.109776152,0,C,C,C,not bleached,194,y1
132,8,8/11/15,44,3,0,0.034783419,0,0.034783419,0,C,C,C,not bleached,291,y2
132,8,9/14/15,44,3,0,0.065282655,0,0.065282655,0,C,C,C,not bleached,325,y2
132,8,10/1/15,44,3,1,0.048518998,0,0.048518998,0,C,C,C,not bleached,342,y2
132,8,10/21/15,44,3,1,0.044089947,0,0.044089947,0,C,C,C,not bleached,362,y2
132,8,11/4/15,44,3,1,0.177919131,0,0.177919131,0,C,C,C,not bleached,376,y2
132,8,12/4/15,44,NA,NA,0.040061036,0,0.040061036,0,C,C,C,not bleached,406,y2
132,8,12/17/15,44,3,1,0.073256143,0,0.073256143,0,C,C,C,not bleached,419,y2
132,8,1/20/16,44,3,1,0.083576639,0,0.083576639,0,C,C,C,not bleached,453,y2
132,8,2/11/16,44,3,2,0.096518115,0,0.096518115,0,C,C,C,not bleached,475,y2
132,8,3/31/16,44,NA,NA,0.043755056,0,0.043755056,0,C,C,C,not bleached,524,y2
137,1,10/24/14,44,1,0,2.288805029,0.001886973,2.290692002,0.000823757,CD,C,C,bleached,0,y1
137,1,11/4/14,44,2,0,0.035634112,NA,0.035634112,0,C,C,C,bleached,11,y1
137,1,11/24/14,44,2,0,0.224834967,NA,0.224834967,0,C,C,C,bleached,31,y1
137,1,12/16/14,44,2,0,0.08203589,NA,0.08203589,0,C,C,C,bleached,53,y1
137,1,1/14/15,44,3,0,NA,NA,NA,NA,NA,NA,NA,NA,82,y1
137,1,5/6/15,44,3,0,NA,NA,NA,NA,NA,NA,NA,NA,194,y1
137,1,8/11/15,44,1,0,0.480195421,0,0.480195421,0,C,C,C,bleached,291,y2
137,1,9/14/15,44,1,0,0.020044407,0,0.020044407,0,C,C,C,bleached,325,y2
137,1,10/1/15,44,1,0,0.064299153,0,0.064299153,0,C,C,C,bleached,342,y2
137,1,10/21/15,44,1,0,NA,NA,NA,NA,NA,NA,NA,NA,362,y2
137,1,11/4/15,44,2,0,0.063008643,0,0.063008643,0,C,C,C,bleached,376,y2
137,1,12/4/15,44,NA,NA,0.052793113,0,0.052793113,0,C,C,C,bleached,406,y2
137,1,12/17/15,44,2,0,NA,NA,NA,NA,NA,NA,NA,NA,419,y2
137,1,1/20/16,44,2,0,0.09043616,0,0.09043616,0,C,C,C,bleached,453,y2
137,1,2/11/16,44,3,0,0.136596607,0,0.136596607,0,C,C,C,bleached,475,y2
137,1,3/31/16,44,NA,NA,0.078882197,0,0.078882197,0,C,C,C,bleached,524,y2
138,1,10/24/14,44,3,0,0.00401629,0.025135694,0.029151984,0.86222926,DC,D,D,not bleached,0,y1
138,1,11/4/14,44,3,0,0.012332031,0.949483261,0.961815292,0.987178379,DC,D,D,not bleached,11,y1
138,1,11/24/14,44,3,0,NA,NA,NA,NA,NA,NA,NA,NA,31,y1
138,1,12/16/14,44,3,0,0.000115938,0.084984853,0.085100791,0.998637637,DC,D,D,not bleached,53,y1
138,1,1/14/15,44,3,0,0.015050015,0.19206579,0.207115805,0.927335265,DC,D,D,not bleached,82,y1
138,1,5/6/15,44,3,0,0.00084921,0.417286093,0.418135303,0.997969055,DC,D,D,not bleached,194,y1
138,1,8/11/15,44,3,0,0.000458527,0.105473697,0.105932224,0.995671508,DC,D,D,not bleached,291,y2
138,1,9/14/15,44,3,0,0.001469503,0.288042814,0.289512317,0.994924214,DC,D,D,not bleached,325,y2
138,1,10/1/15,44,3,0,0,0.028466426,0.028466426,1,D,D,D,not bleached,342,y2
138,1,10/21/15,44,3,0,0,0.066789039,0.066789039,1,D,D,D,not bleached,362,y2
138,1,11/4/15,44,3,0,0,0.410671055,0.410671055,1,D,D,D,not bleached,376,y2
138,1,12/4/15,44,NA,NA,0,0.113542567,0.113542567,1,D,D,D,not bleached,406,y2
138,1,12/17/15,44,3,0,NA,NA,NA,NA,NA,NA,NA,NA,419,y2
138,1,1/20/16,44,3,0,0,0.152259608,0.152259608,1,D,D,D,not bleached,453,y2
138,1,2/11/16,44,3,0,0,0.580736321,0.580736321,1,D,D,D,not bleached,475,y2
138,1,3/31/16,44,NA,NA,0,0.170879966,0.170879966,1,D,D,D,not bleached,524,y2
19,5,10/24/14,HIMB,1,0,0.015353919,NA,0.015353919,0,C,C,C,bleached,0,y1
19,5,11/4/14,HIMB,1,0,0.014159968,2.90E-05,0.014188966,0.002043671,CD,C,C,bleached,11,y1
19,5,11/24/14,HIMB,1,1,0.016447607,0.000303945,0.016751552,0.018144277,CD,C,C,bleached,31,y1
19,5,12/16/14,HIMB,2,1,0.016682307,NA,0.016682307,0,C,C,C,bleached,53,y1
19,5,1/14/15,HIMB,2,1,0.057899335,NA,0.057899335,0,C,C,C,bleached,82,y1
19,5,5/6/15,HIMB,2,1,0.010914881,NA,0.010914881,0,C,C,C,bleached,194,y1
19,5,8/11/15,HIMB,2,1,0.044921302,0,0.044921302,0,C,C,C,bleached,291,y2
19,5,9/14/15,HIMB,1,1,0.003412497,0,0.003412497,0,C,C,C,bleached,325,y2
19,5,10/1/15,HIMB,1,1,0.003313321,0,0.003313321,0,C,C,C,bleached,342,y2
19,5,10/21/15,HIMB,1,1,0.001377429,0,0.001377429,0,C,C,C,bleached,362,y2
19,5,11/4/15,HIMB,1,1,0.009588651,0,0.009588651,0,C,C,C,bleached,376,y2
19,5,12/4/15,HIMB,NA,NA,0.018222864,0,0.018222864,0,C,C,C,bleached,406,y2
19,5,12/17/15,HIMB,1,2,0.207523059,0,0.207523059,0,C,C,C,bleached,419,y2
19,5,1/20/16,HIMB,1,2,0.082583281,0,0.082583281,0,C,C,C,bleached,453,y2
19,5,2/11/16,HIMB,1,2,0.033769007,0,0.033769007,0,C,C,C,bleached,475,y2
19,5,3/31/16,HIMB,NA,NA,0.028502723,0,0.028502723,0,C,C,C,bleached,524,y2
2,5,10/24/14,HIMB,3,0,0.005651653,0.048083276,0.053734929,0.894823477,DC,D,D,not bleached,0,y1
2,5,11/4/14,HIMB,3,0,NA,0.155172484,0.155172484,1,D,D,D,not bleached,11,y1
2,5,11/24/14,HIMB,3,0,0.008670648,0.083220776,0.091891424,0.905642467,DC,D,D,not bleached,31,y1
2,5,12/16/14,HIMB,3,0,9.33E-06,0.127093547,0.12710288,0.999926564,DC,D,D,not bleached,53,y1
2,5,1/14/15,HIMB,NA,missing,NA,NA,NA,NA,NA,NA,NA,NA,82,y1
2,5,5/6/15,HIMB,NA,missing,NA,NA,NA,NA,NA,NA,NA,NA,194,y1
2,5,8/11/15,HIMB,NA,missing,NA,NA,NA,NA,NA,NA,NA,NA,291,y2
2,5,9/14/15,HIMB,NA,missing,NA,NA,NA,NA,NA,NA,NA,NA,325,y2
2,5,10/1/15,HIMB,NA,missing,NA,NA,NA,NA,NA,NA,NA,NA,342,y2
2,5,10/21/15,HIMB,NA,missing,NA,NA,NA,NA,NA,NA,NA,NA,362,y2
2,5,11/4/15,HIMB,NA,missing,NA,NA,NA,NA,NA,NA,NA,NA,376,y2
2,5,12/17/15,HIMB,NA,missing,NA,NA,NA,NA,NA,NA,NA,NA,419,y2
2,5,1/20/16,HIMB,NA,missing,NA,NA,NA,NA,NA,NA,NA,NA,453,y2
2,5,2/11/16,HIMB,NA,missing,NA,NA,NA,NA,NA,NA,NA,NA,475,y2
20,5,10/24/14,HIMB,3,0,NA,NA,NA,NA,NA,NA,NA,NA,0,y1
20,5,11/4/14,HIMB,3,0,NA,0.588199153,0.588199153,1,D,D,D,not bleached,11,y1
20,5,11/24/14,HIMB,3,0,NA,NA,NA,NA,NA,NA,NA,NA,31,y1
20,5,12/16/14,HIMB,3,0,NA,0.076411868,0.076411868,1,D,D,D,not bleached,53,y1
20,5,1/14/15,HIMB,3,0,NA,NA,NA,NA,NA,NA,NA,NA,82,y1
20,5,5/6/15,HIMB,3,0,NA,0.329045534,0.329045534,1,D,D,D,not bleached,194,y1
20,5,8/11/15,HIMB,3,0,0,0.402568215,0.402568215,1,D,D,D,not bleached,291,y2
20,5,9/14/15,HIMB,3,0,0,0.018454356,0.018454356,1,D,D,D,not bleached,325,y2
20,5,10/1/15,HIMB,3,0,0,0.677388393,0.677388393,1,D,D,D,not bleached,342,y2
20,5,10/21/15,HIMB,3,0,0,0.075596077,0.075596077,1,D,D,D,not bleached,362,y2
20,5,11/4/15,HIMB,3,0,0,0.048082482,0.048082482,1,D,D,D,not bleached,376,y2
20,5,12/4/15,HIMB,NA,NA,0,0.108206208,0.108206208,1,D,D,D,not bleached,406,y2
20,5,12/17/15,HIMB,3,0,0.000202505,0.309123486,0.30932599,0.999345335,DC,D,D,not bleached,419,y2
20,5,1/20/16,HIMB,3,0,0,0.142793793,0.142793793,1,D,D,D,not bleached,453,y2
20,5,2/11/16,HIMB,3,0,0,0.18509081,0.18509081,1,D,D,D,not bleached,475,y2
20,5,3/31/16,HIMB,NA,NA,0,0.059635085,0.059635085,1,D,D,D,not bleached,524,y2
201,5,10/1/15,42,1,0,7.60E-05,0,7.60E-05,0,C,C,C,bleached,342,y2
201,5,10/21/15,42,1,0,0.000236708,0,0.000236708,0,C,C,C,bleached,362,y2
201,5,11/4/15,42,1,2,0.000100745,0,0.000100745,0,C,C,C,bleached,376,y2
201,5,12/4/15,42,NA,NA,0.006993806,0.564660325,0.571654131,0.987765668,DC,D,C,bleached,406,y2
201,5,12/17/15,42,2,2,0.027274443,0,0.027274443,0,C,C,C,bleached,419,y2
201,5,1/20/16,42,3,2,0.641576655,0,0.641576655,0,C,C,C,bleached,453,y2
201,5,2/11/16,42,3,2,0.008277114,0.808379797,0.816656911,0.989864637,DC,D,C,bleached,475,y2
201,5,3/31/16,42,NA,NA,0.010424656,0.433455313,0.443879969,0.976514697,DC,D,C,bleached,524,y2
202,5,10/1/15,42,3,0,0.025558439,0,0.025558439,0,C,C,C,not bleached,342,y2
202,5,10/21/15,42,3,0,0.013215214,0,0.013215214,0,C,C,C,not bleached,362,y2
202,5,11/4/15,42,3,0,0.105644792,0,0.105644792,0,C,C,C,not bleached,376,y2
202,5,12/4/15,42,NA,NA,0.041850642,0,0.041850642,0,C,C,C,not bleached,406,y2
202,5,12/17/15,42,3,0,0.04743986,0,0.04743986,0,C,C,C,not bleached,419,y2
202,5,1/20/16,42,3,0,0.046592565,0,0.046592565,0,C,C,C,not bleached,453,y2
202,5,2/11/16,42,3,0,0.017791643,0,0.017791643,0,C,C,C,not bleached,475,y2
202,5,3/31/16,42,NA,NA,0.012266297,0,0.012266297,0,C,C,C,not bleached,524,y2
205,3,10/1/15,42,1,0,NA,NA,NA,NA,NA,NA,NA,NA,342,y2
205,3,10/21/15,42,1,0,0.005011449,0,0.005011449,0,C,C,C,bleached,362,y2
205,3,11/4/15,42,2,0,0.151994766,0,0.151994766,0,C,C,C,bleached,376,y2
205,3,12/4/15,42,NA,NA,0.019387137,0,0.019387137,0,C,C,C,bleached,406,y2
205,3,12/17/15,42,2,0,NA,NA,NA,NA,NA,NA,NA,NA,419,y2
205,3,1/20/16,42,2,0,0.087883952,0,0.087883952,0,C,C,C,bleached,453,y2
205,3,2/11/16,42,2,0,0.056175838,0,0.056175838,0,C,C,C,bleached,475,y2
205,3,3/31/16,42,NA,NA,0.032843315,0,0.032843315,0,C,C,C,bleached,524,y2
206,3,10/1/15,42,3,0,0.001413604,0.161746362,0.163159966,0.991336087,DC,D,D,not bleached,342,y2
206,3,10/21/15,42,3,0,0.042290973,0.055117535,0.097408507,0.565839024,DC,D,D,not bleached,362,y2
206,3,11/4/15,42,3,0,0.09516953,0.066297817,0.161467346,0.410595815,CD,C,D,not bleached,376,y2
206,3,12/4/15,42,NA,NA,0.055758809,0.104904987,0.160663796,0.652947271,DC,D,D,not bleached,406,y2
206,3,12/17/15,42,3,0,NA,NA,NA,NA,NA,NA,NA,NA,419,y2
206,3,1/20/16,42,3,0,0.197934301,0.073147642,0.271081943,0.269835907,CD,C,D,not bleached,453,y2
206,3,2/11/16,42,3,0,0.00942425,0.059282708,0.068706959,0.862834124,DC,D,D,not bleached,475,y2
206,3,3/31/16,42,NA,NA,0.006008387,0.037547357,0.043555744,0.862052928,DC,D,D,not bleached,524,y2
207,5,10/1/15,42,1,0,0.001663449,0.037328081,0.038991531,0.957338191,DC,D,D,bleached,342,y2
207,5,10/21/15,42,2,0,0.168280924,0.291123897,0.459404821,0.633697957,DC,D,D,bleached,362,y2
207,5,11/4/15,42,2,0,0.002531387,0.131647787,0.134179173,0.981134281,DC,D,D,bleached,376,y2
207,5,12/4/15,42,NA,NA,5.89E-05,0.133832942,0.133891849,0.999560042,DC,D,D,bleached,406,y2
207,5,12/17/15,42,3,0,0.002621019,0.023980494,0.026601513,0.901471053,DC,D,D,bleached,419,y2
207,5,1/20/16,42,3,0,0.001368863,0.163987206,0.165356069,0.991721726,DC,D,D,bleached,453,y2
207,5,2/11/16,42,3,0,0.000241598,0.065922062,0.066163659,0.996348485,DC,D,D,bleached,475,y2
207,5,3/31/16,42,NA,NA,0.000529546,0.052055888,0.052585434,0.989929798,DC,D,D,bleached,524,y2
208,5,10/1/15,42,3,0,0.053766209,0.209316097,0.263082306,0.795629704,DC,D,D,not bleached,342,y2
208,5,10/21/15,42,3,0,0.005091102,0.059730233,0.064821335,0.921459477,DC,D,D,not bleached,362,y2
208,5,11/4/15,42,3,0,0.774664511,2.31017985,3.084844361,0.74888052,DC,D,D,not bleached,376,y2
208,5,12/4/15,42,NA,NA,0.012015525,0.104872271,0.116887796,0.89720462,DC,D,D,not bleached,406,y2
208,5,12/17/15,42,3,0,NA,NA,NA,NA,NA,NA,NA,NA,419,y2
208,5,1/20/16,42,3,0,0.005401566,0.03276059,0.038162157,0.858457518,DC,D,D,not bleached,453,y2
208,5,2/11/16,42,3,0,0.004790837,0.054607964,0.059398801,0.919344544,DC,D,D,not bleached,475,y2
208,5,3/31/16,42,NA,NA,0.004647413,0.03272201,0.037369423,0.875635945,DC,D,D,not bleached,524,y2
211,7,10/1/15,42,1,0,0.541879342,0,0.541879342,0,C,C,C,bleached,342,y2
211,7,10/21/15,42,1,0,NA,NA,NA,NA,NA,NA,NA,NA,362,y2
211,7,11/4/15,42,2,0,0.026369126,0,0.026369126,0,C,C,C,bleached,376,y2
211,7,12/4/15,42,NA,NA,0.042230922,0,0.042230922,0,C,C,C,bleached,406,y2
211,7,12/17/15,42,3,0,0.127608254,0,0.127608254,0,C,C,C,bleached,419,y2
211,7,1/20/16,42,3,0,0.064753122,0,0.064753122,0,C,C,C,bleached,453,y2
211,7,2/11/16,42,3,0,0.065248726,0,0.065248726,0,C,C,C,bleached,475,y2
211,7,3/31/16,42,NA,NA,0.025583253,0,0.025583253,0,C,C,C,bleached,524,y2
212,7,10/1/15,42,3,0,0.06163286,0.208714852,0.270347712,0.772023741,DC,D,D,not bleached,342,y2
212,7,10/21/15,42,3,0,0.011898665,0.115115593,0.127014258,0.90632024,DC,D,D,not bleached,362,y2
212,7,11/4/15,42,3,0,0.217742292,2.617981988,2.83572428,0.923214576,DC,D,D,not bleached,376,y2
212,7,12/4/15,42,NA,NA,0.005555735,0.028731063,0.034286798,0.837962845,DC,D,D,not bleached,406,y2
212,7,12/17/15,42,3,0,0.06557972,0.371698603,0.437278323,0.850027508,DC,D,D,not bleached,419,y2
212,7,1/20/16,42,3,0,0.090658968,0.020993044,0.111652012,0.188022083,CD,C,D,not bleached,453,y2
212,7,2/11/16,42,3,0,0.002880018,0.023459323,0.026339341,0.890657171,DC,D,D,not bleached,475,y2
212,7,3/31/16,42,NA,NA,0.037792494,0.16126499,0.199057484,0.810142811,DC,D,D,not bleached,524,y2
215,2,10/1/15,42,1,0,0,0,2.00E-05,NA,NA,NA,C,bleached,342,y2
215,2,10/21/15,42,1,0,NA,NA,NA,NA,NA,NA,NA,NA,362,y2
215,2,11/4/15,42,1,0,0.006836357,0,0.006836357,0,C,C,C,bleached,376,y2
215,2,12/4/15,42,NA,NA,0.004010071,0,0.004010071,0,C,C,C,bleached,406,y2
215,2,12/17/15,42,1,0,0.016631286,0.000524309,0.017155595,0.030561987,CD,C,C,bleached,419,y2
215,2,1/20/16,42,2,0,0.003128623,0.021685209,0.024813832,0.873916169,DC,D,C,bleached,453,y2
215,2,2/11/16,42,2,0,0.032613058,2.742240628,2.774853687,0.988246927,DC,D,C,bleached,475,y2
215,2,3/31/16,42,NA,NA,0.030453325,0.060222866,0.09067619,0.66415302,DC,D,C,bleached,524,y2
216,2,10/1/15,42,3,0,0,0.010033753,0.010033753,1,D,D,D,not bleached,342,y2
216,2,10/21/15,42,3,0,0,0.029483573,0.029483573,1,D,D,D,not bleached,362,y2
216,2,11/4/15,42,3,0,0,0.05393461,0.05393461,1,D,D,D,not bleached,376,y2
216,2,12/4/15,42,NA,NA,0,0.008758534,0.008758534,1,D,D,D,not bleached,406,y2
216,2,12/17/15,42,3,0,0,0.395542651,0.395542651,1,D,D,D,not bleached,419,y2
216,2,1/20/16,42,3,0,0,0.044254107,0.044254107,1,D,D,D,not bleached,453,y2
216,2,2/11/16,42,3,0,NA,NA,NA,NA,NA,NA,NA,NA,475,y2
216,2,3/31/16,42,NA,NA,0,0.048537889,0.048537889,1,D,D,D,not bleached,524,y2
223,2,10/1/15,42,1,0,0.000659104,0,0.000659104,0,C,C,D,bleached,342,y2
223,2,10/21/15,42,1,0,0.002196837,0.002957626,0.005154463,0.573799024,DC,D,D,bleached,362,y2
223,2,11/4/15,42,1,0,0.00021041,0.034938347,0.035148758,0.994013718,DC,D,D,bleached,376,y2
223,2,12/4/15,42,NA,NA,0.040455889,0.017952831,0.05840872,0.307365593,CD,C,D,bleached,406,y2
223,2,12/17/15,42,2,0,NA,NA,NA,NA,NA,NA,NA,NA,419,y2
223,2,1/20/16,42,NA,No pic,0.021584561,0.035146021,0.056730582,0.619525127,DC,D,D,bleached,453,y2
223,2,2/11/16,42,3,0,0.021463714,0.049623083,0.071086797,0.698063282,DC,D,D,bleached,475,y2
223,2,3/31/16,42,NA,NA,0.011270096,0.020926215,0.03219631,0.649956921,DC,D,D,bleached,524,y2
224,2,10/1/15,42,3,0,0.539050953,0,0.539050953,0,C,C,C,not bleached,342,y2
224,2,10/21/15,42,3,0,0.023477841,0,0.023477841,0,C,C,C,not bleached,362,y2
224,2,11/4/15,42,3,0,NA,NA,NA,NA,NA,NA,NA,NA,376,y2
224,2,12/17/15,42,3,0,NA,NA,NA,NA,NA,NA,NA,NA,419,y2
224,2,1/20/16,42,NA,No pic,NA,NA,NA,NA,NA,NA,NA,NA,453,y2
224,2,2/11/16,42,3,0,0.014316707,0,0.014316707,0,C,C,C,not bleached,475,y2
224,2,3/31/16,42,NA,NA,0.08456729,0,0.08456729,0,C,C,C,not bleached,524,y2
227,4,10/1/15,42,1,0,0,0.000126986,0.000126986,1,D,D,C,bleached,342,y2
227,4,10/21/15,42,1,0,0.000120252,0,0.000120252,0,C,C,C,bleached,362,y2
227,4,11/4/15,42,1,2,0.094722013,0,0.094722013,0,C,C,C,bleached,376,y2
227,4,12/4/15,42,NA,NA,0.028190318,0.001309794,0.029500111,0.044399614,CD,C,C,bleached,406,y2
227,4,12/17/15,42,2,2,0.010608346,0.016985002,0.027593348,0.615546973,DC,D,C,bleached,419,y2
227,4,1/20/16,42,3,2,0.00577763,0.02892589,0.03470352,0.833514582,DC,D,C,bleached,453,y2
227,4,2/11/16,42,3,2,0.128411254,0.000844014,0.129255269,0.006529826,CD,C,C,bleached,475,y2
227,4,3/31/16,42,NA,NA,0.254007597,0,0.254007597,0,C,C,C,bleached,524,y2
228,4,10/1/15,42,3,0,0.050894147,0,0.050894147,0,C,C,C,not bleached,342,y2
228,4,10/21/15,42,3,0,NA,NA,NA,NA,NA,NA,NA,NA,362,y2
228,4,11/4/15,42,3,0,0.05475724,0,0.05475724,0,C,C,C,not bleached,376,y2
228,4,12/4/15,42,NA,NA,0.027170662,0,0.027170662,0,C,C,C,not bleached,406,y2
228,4,12/17/15,42,3,0,0.160644507,0,0.160644507,0,C,C,C,not bleached,419,y2
228,4,1/20/16,42,3,0,0.043817274,0,0.043817274,0,C,C,C,not bleached,453,y2
228,4,2/11/16,42,3,0,0.024019394,0,0.024019394,0,C,C,C,not bleached,475,y2
228,4,3/31/16,42,NA,NA,0.036559586,0,0.036559586,0,C,C,C,not bleached,524,y2
233,5,10/1/15,42,1,0,NA,NA,NA,NA,NA,NA,NA,NA,342,y2
233,5,10/21/15,42,1,0,NA,NA,NA,NA,NA,NA,NA,NA,362,y2
233,5,11/4/15,42,2,0,0.49067632,0,0.49067632,0,C,C,C,bleached,376,y2
233,5,12/17/15,42,2,0,0.248272014,0,0.248272014,0,C,C,C,bleached,419,y2
233,5,1/20/16,42,3,0,NA,NA,NA,NA,NA,NA,NA,NA,453,y2
233,5,2/11/16,42,3,0,NA,NA,NA,NA,NA,NA,NA,NA,475,y2
233,5,3/31/16,42,NA,NA,0.184724042,0,0.184724042,0,C,C,C,bleached,524,y2
234,5,10/1/15,42,3,0,0,0.778276754,0.778276754,1,D,D,D,not bleached,342,y2
234,5,10/21/15,42,3,0,NA,NA,NA,NA,NA,NA,NA,NA,362,y2
234,5,11/4/15,42,3,0,0.059516915,0.026119212,0.085636127,0.305002256,CD,C,D,not bleached,376,y2
234,5,12/4/15,42,NA,NA,0.009950561,0.021533926,0.031484487,0.683953532,DC,D,D,not bleached,406,y2
234,5,12/17/15,42,3,0,0.839844159,2.356678848,3.196523008,0.737263221,DC,D,D,not bleached,419,y2
234,5,1/20/16,42,3,0,0.021710602,0.031460931,0.053171533,0.591687489,DC,D,D,not bleached,453,y2
234,5,2/11/16,42,3,0,0,0.455368112,0.455368112,1,D,D,D,not bleached,475,y2
234,5,3/31/16,42,NA,NA,0.017296136,0.010009788,0.027305923,0.36657935,CD,C,D,not bleached,524,y2
237,3,10/1/15,42,1,0,NA,NA,NA,NA,NA,NA,NA,NA,342,y2
237,3,10/21/15,42,1,0,0.548435382,0,0.548435382,0,C,C,C,bleached,362,y2
237,3,11/4/15,42,2,0,1.72553478,0,1.72553478,0,C,C,C,bleached,376,y2
237,3,12/4/15,42,NA,NA,0.695293281,0,0.695293281,0,C,C,C,bleached,406,y2
237,3,12/17/15,42,2,0,0.114466199,0,0.114466199,0,C,C,C,bleached,419,y2
237,3,1/20/16,42,3,0,0.26441823,0,0.26441823,0,C,C,C,bleached,453,y2
237,3,2/11/16,42,3,0,0.322806952,0,0.322806952,0,C,C,C,bleached,475,y2
237,3,3/31/16,42,NA,NA,0.120997031,0,0.120997031,0,C,C,C,bleached,524,y2
238,3,10/1/15,42,3,0,0.010066413,0.027649653,0.037716066,0.733100125,DC,D,D,not bleached,342,y2
238,3,10/21/15,42,3,0,0.008667572,0.029794816,0.038462388,0.774648118,DC,D,D,not bleached,362,y2
238,3,11/4/15,42,3,0,0.016279989,0.030522251,0.04680224,0.652153633,DC,D,D,not bleached,376,y2
238,3,12/4/15,42,NA,NA,0.010842893,0.052725883,0.063568776,0.829430521,DC,D,D,not bleached,406,y2
238,3,12/17/15,42,3,0,NA,NA,NA,NA,NA,NA,NA,NA,419,y2
238,3,1/20/16,42,3,0,0.018291834,0.061141899,0.079433733,0.769722089,DC,D,D,not bleached,453,y2
238,3,2/11/16,42,3,0,0.040042991,0.184348192,0.224391183,0.821548287,DC,D,D,not bleached,475,y2
239,3,10/1/15,42,1,0,0.003623485,0,0.003623485,0,C,C,C,bleached,342,y2
239,3,10/21/15,42,2,0,0.001942249,0,0.001942249,0,C,C,C,bleached,362,y2
239,3,11/4/15,42,2,0,0.011356748,0,0.011356748,0,C,C,C,bleached,376,y2
239,3,12/4/15,42,NA,NA,0.07655782,0.026549071,0.10310689,0.257490751,CD,C,C,bleached,406,y2
239,3,12/17/15,42,2,0,0.132640527,0,0.132640527,0,C,C,C,bleached,419,y2
239,3,1/20/16,42,2,0,0.166453782,0,0.166453782,0,C,C,C,bleached,453,y2
239,3,2/11/16,42,3,0,0.085300237,0,0.085300237,0,C,C,C,bleached,475,y2
239,3,3/31/16,42,NA,NA,0.05287368,0,0.05287368,0,C,C,C,bleached,524,y2
240,3,10/1/15,42,3,0,0,0.219631239,0.219631239,1,D,D,D,not bleached,342,y2
240,3,10/21/15,42,3,0,0,0.019798091,0.019798091,1,D,D,D,not bleached,362,y2
240,3,11/4/15,42,3,0,0,0.091512027,0.091512027,1,D,D,D,not bleached,376,y2
240,3,12/4/15,42,NA,NA,0,0.165770037,0.165770037,1,D,D,D,not bleached,406,y2
240,3,12/17/15,42,3,0,0,0.206842589,0.206842589,1,D,D,D,not bleached,419,y2
240,3,1/20/16,42,3,0,0,0.347372433,0.347372433,1,D,D,D,not bleached,453,y2
240,3,2/11/16,42,3,0,0,0.082735779,0.082735779,1,D,D,D,not bleached,475,y2
240,3,3/31/16,42,NA,NA,0,0.04082807,0.04082807,1,D,D,D,not bleached,524,y2
25,3,10/24/14,HIMB,1,0,0.013374239,NA,0.013374239,0,C,C,C,bleached,0,y1
25,3,11/4/14,HIMB,2,0,0.001257449,NA,0.001257449,0,C,C,C,bleached,11,y1
25,3,11/24/14,HIMB,2,0,0.017344036,NA,0.017344036,0,C,C,C,bleached,31,y1
25,3,12/16/14,HIMB,NA,No pic,0.005990769,NA,0.005990769,0,C,C,C,bleached,53,y1
25,3,1/14/15,HIMB,2,0,0.057106088,NA,0.057106088,0,C,C,C,bleached,82,y1
25,3,5/6/15,HIMB,3,0,0.007582615,NA,0.007582615,0,C,C,C,bleached,194,y1
25,3,8/11/15,HIMB,2,0,0.024970068,0,0.024970068,0,C,C,C,bleached,291,y2
25,3,9/14/15,HIMB,2,0,0.045100697,0,0.045100697,0,C,C,C,bleached,325,y2
25,3,10/1/15,HIMB,1,0,0.025079346,0,0.025079346,0,C,C,C,bleached,342,y2
25,3,10/21/15,HIMB,1,0,NA,NA,NA,NA,NA,NA,NA,NA,362,y2
25,3,11/4/15,HIMB,1,0,0.039612335,0,0.039612335,0,C,C,C,bleached,376,y2
25,3,12/4/15,HIMB,NA,NA,0.085249995,0,0.085249995,0,C,C,C,bleached,406,y2
25,3,12/17/15,HIMB,1,1,0.310742947,0,0.310742947,0,C,C,C,bleached,419,y2
25,3,1/20/16,HIMB,1,2,0.157055193,0,0.157055193,0,C,C,C,bleached,453,y2
25,3,2/11/16,HIMB,1,2,0.071440875,0,0.071440875,0,C,C,C,bleached,475,y2
25,3,3/31/16,HIMB,NA,NA,0.092531831,0,0.092531831,0,C,C,C,bleached,524,y2
26,3,10/24/14,HIMB,3,0,NA,0.027180095,0.027180095,1,D,D,D,not bleached,0,y1
26,3,11/4/14,HIMB,3,0,NA,0.020459501,0.020459501,1,D,D,D,not bleached,11,y1
26,3,11/24/14,HIMB,3,0,NA,0.086298344,0.086298344,1,D,D,D,not bleached,31,y1
26,3,12/16/14,HIMB,NA,No pic,NA,0.20913393,0.20913393,1,D,D,D,not bleached,53,y1
26,3,1/14/15,HIMB,3,0,8.86E-05,0.352001848,0.352090427,0.999748419,DC,D,D,not bleached,82,y1
26,3,5/6/15,HIMB,3,0,5.79E-06,0.022340894,0.022346685,0.999740831,DC,D,D,not bleached,194,y1
26,3,8/11/15,HIMB,3,0,0,0.017188115,0.017188115,1,D,D,D,not bleached,291,y2
26,3,9/14/15,HIMB,3,0,0,0.123557558,0.123557558,1,D,D,D,not bleached,325,y2
26,3,10/1/15,HIMB,3,0,0,0.027860311,0.027860311,1,D,D,D,not bleached,342,y2
26,3,10/21/15,HIMB,3,0,0,0.00836253,0.00836253,1,D,D,D,not bleached,362,y2
26,3,11/4/15,HIMB,3,0,0,0.096954735,0.096954735,1,D,D,D,not bleached,376,y2
26,3,12/4/15,HIMB,NA,NA,0,0.024840795,0.024840795,1,D,D,D,not bleached,406,y2
26,3,12/17/15,HIMB,3,0,0,0.099156776,0.099156776,1,D,D,D,not bleached,419,y2
26,3,1/20/16,HIMB,3,0,0,0.188163039,0.188163039,1,D,D,D,not bleached,453,y2
26,3,2/11/16,HIMB,3,0,0,0.038239439,0.038239439,1,D,D,D,not bleached,475,y2
26,3,3/31/16,HIMB,NA,NA,0,0.033867732,0.033867732,1,D,D,D,not bleached,524,y2
3,6,10/24/14,HIMB,1,0,0.022135891,NA,0.022135891,0,C,C,C,bleached,0,y1
3,6,11/4/14,HIMB,2,0,0.042244662,NA,0.042244662,0,C,C,C,bleached,11,y1
3,6,11/24/14,HIMB,2,0,0.223926779,NA,0.223926779,0,C,C,C,bleached,31,y1
3,6,12/16/14,HIMB,2,0,0.09825651,NA,0.09825651,0,C,C,C,bleached,53,y1
3,6,1/14/15,HIMB,3,0,0.498649083,NA,0.498649083,0,C,C,C,bleached,82,y1
3,6,5/6/15,HIMB,3,0,0.059037496,NA,0.059037496,0,C,C,C,bleached,194,y1
3,6,8/11/15,HIMB,2,0,0.044765886,0,0.044765886,0,C,C,C,bleached,291,y2
3,6,9/14/15,HIMB,1,0,0.010353365,0,0.010353365,0,C,C,C,bleached,325,y2
3,6,10/1/15,HIMB,1,0,0.003093474,0,0.003093474,0,C,C,C,bleached,342,y2
3,6,10/21/15,HIMB,1,0,0.000950546,0,0.000950546,0,C,C,C,bleached,362,y2
3,6,11/4/15,HIMB,1,0,0.008241048,0,0.008241048,0,C,C,C,bleached,376,y2
3,6,12/4/15,HIMB,NA,NA,0.20617532,0,0.20617532,0,C,C,C,bleached,406,y2
3,6,12/17/15,HIMB,2,0,0.383738003,0,0.383738003,0,C,C,C,bleached,419,y2
3,6,1/20/16,HIMB,3,0,0.069050399,0,0.069050399,0,C,C,C,bleached,453,y2
3,6,2/11/16,HIMB,3,0,0.394007106,0,0.394007106,0,C,C,C,bleached,475,y2
31,2,10/24/14,HIMB,1,0,0.13687475,NA,0.13687475,0,C,C,C,bleached,0,y1
31,2,11/4/14,HIMB,1,0,0.005286569,NA,0.005286569,0,C,C,C,bleached,11,y1
31,2,11/24/14,HIMB,1,0,0.003062333,NA,0.003062333,0,C,C,C,bleached,31,y1
31,2,12/16/14,HIMB,2,0,0.057256717,NA,0.057256717,0,C,C,C,bleached,53,y1
31,2,1/14/15,HIMB,2,0,0.464646448,NA,0.464646448,0,C,C,C,bleached,82,y1
31,2,5/6/15,HIMB,3,0,0.101793909,NA,0.101793909,0,C,C,C,bleached,194,y1
31,2,8/11/15,HIMB,1,0,0.106346433,0,0.106346433,0,C,C,C,bleached,291,y2
31,2,9/14/15,HIMB,1,0,0.02793163,0,0.02793163,0,C,C,C,bleached,325,y2
31,2,10/1/15,HIMB,1,0,NA,NA,NA,NA,NA,NA,NA,NA,342,y2
31,2,10/21/15,HIMB,1,0,0.00447621,0,0.00447621,0,C,C,C,bleached,362,y2
31,2,11/4/15,HIMB,0,3,NA,NA,NA,NA,NA,NA,NA,NA,376,y2
31,2,12/17/15,HIMB,0,3,NA,NA,NA,NA,NA,NA,NA,NA,419,y2
31,2,1/20/16,HIMB,0,3,NA,NA,NA,NA,NA,NA,NA,NA,453,y2
31,2,2/11/16,HIMB,0,3,NA,NA,NA,NA,NA,NA,NA,NA,475,y2
32,2,10/24/14,HIMB,3,0,NA,0.092910529,0.092910529,1,D,D,D,not bleached,0,y1
32,2,11/4/14,HIMB,3,0,NA,0.034704918,0.034704918,1,D,D,D,not bleached,11,y1
32,2,11/24/14,HIMB,3,0,NA,0.098309556,0.098309556,1,D,D,D,not bleached,31,y1
32,2,12/16/14,HIMB,3,0,NA,0.219423389,0.219423389,1,D,D,D,not bleached,53,y1
32,2,1/14/15,HIMB,3,0,NA,0.09019109,0.09019109,1,D,D,D,not bleached,82,y1
32,2,5/6/15,HIMB,3,0,NA,0.05824415,0.05824415,1,D,D,D,not bleached,194,y1
32,2,8/11/15,HIMB,3,0,0,0.086581654,0.086581654,1,D,D,D,not bleached,291,y2
32,2,9/14/15,HIMB,3,0,0,0.072058137,0.072058137,1,D,D,D,not bleached,325,y2
32,2,10/1/15,HIMB,3,0,0,0.048368284,0.048368284,1,D,D,D,not bleached,342,y2
32,2,10/21/15,HIMB,3,0,NA,NA,NA,NA,NA,NA,NA,NA,362,y2
32,2,11/4/15,HIMB,3,0,0,0.139651713,0.139651713,1,D,D,D,not bleached,376,y2
32,2,12/4/15,HIMB,NA,NA,0,0.09641525,0.09641525,1,D,D,D,not bleached,406,y2
32,2,12/17/15,HIMB,3,0,0,0.139734016,0.139734016,1,D,D,D,not bleached,419,y2
32,2,1/20/16,HIMB,3,0,0,0.04025342,0.04025342,1,D,D,D,not bleached,453,y2
32,2,2/11/16,HIMB,3,0,0,0.276041134,0.276041134,1,D,D,D,not bleached,475,y2
32,2,3/31/16,HIMB,NA,NA,0,0.022522412,0.022522412,1,D,D,D,not bleached,524,y2
39,5,10/24/14,HIMB,1,0,0.001592776,NA,0.001592776,0,C,C,C,bleached,0,y1
39,5,11/4/14,HIMB,1,0,0.001625273,NA,0.001625273,0,C,C,C,bleached,11,y1
39,5,11/24/14,HIMB,1,0,0.000139972,0.000501772,0.000641744,0.781887423,DC,D,C,bleached,31,y1
39,5,12/16/14,HIMB,2,0,0.000549387,NA,0.000549387,0,C,C,C,bleached,53,y1
39,5,1/14/15,HIMB,NA,missing,NA,NA,NA,NA,NA,NA,NA,NA,82,y1
39,5,5/6/15,HIMB,NA,missing,NA,NA,NA,NA,NA,NA,NA,NA,194,y1
39,5,8/11/15,HIMB,NA,missing,NA,NA,NA,NA,NA,NA,NA,NA,291,y2
39,5,9/14/15,HIMB,NA,missing,NA,NA,NA,NA,NA,NA,NA,NA,325,y2
39,5,10/1/15,HIMB,NA,missing,NA,NA,NA,NA,NA,NA,NA,NA,342,y2
39,5,10/21/15,HIMB,NA,missing,NA,NA,NA,NA,NA,NA,NA,NA,362,y2
39,5,11/4/15,HIMB,NA,missing,NA,NA,NA,NA,NA,NA,NA,NA,376,y2
39,5,12/17/15,HIMB,NA,missing,NA,NA,NA,NA,NA,NA,NA,NA,419,y2
39,5,1/20/16,HIMB,NA,missing,NA,NA,NA,NA,NA,NA,NA,NA,453,y2
39,5,2/11/16,HIMB,NA,missing,NA,NA,NA,NA,NA,NA,NA,NA,475,y2
4,6,10/24/14,HIMB,3,0,0.0001684,0.838595342,0.838763742,0.999799229,DC,D,D,not bleached,0,y1
4,6,11/4/14,HIMB,3,0,NA,0.071045337,0.071045337,1,D,D,D,not bleached,11,y1
4,6,11/24/14,HIMB,3,0,2.41E-05,0.154208621,0.154232673,0.999844054,DC,D,D,not bleached,31,y1
4,6,12/16/14,HIMB,3,0,NA,0.233040367,0.233040367,1,D,D,D,not bleached,53,y1
4,6,1/14/15,HIMB,3,0,NA,NA,NA,NA,NA,NA,NA,NA,82,y1
4,6,5/6/15,HIMB,3,0,NA,0.08966968,0.08966968,1,D,D,D,not bleached,194,y1
4,6,8/11/15,HIMB,3,0,0,0.088495946,0.088495946,1,D,D,D,not bleached,291,y2
4,6,9/14/15,HIMB,3,0,0,0.165064888,0.165064888,1,D,D,D,not bleached,325,y2
4,6,10/1/15,HIMB,3,0,0,0.225094884,0.225094884,1,D,D,D,not bleached,342,y2
4,6,10/21/15,HIMB,3,0,NA,NA,NA,NA,NA,NA,NA,NA,362,y2
4,6,11/4/15,HIMB,3,0,0,0.246157768,0.246157768,1,D,D,D,not bleached,376,y2
4,6,12/4/15,HIMB,NA,NA,0,0.052205846,0.052205846,1,D,D,D,not bleached,406,y2
4,6,12/17/15,HIMB,3,1,NA,NA,NA,NA,NA,NA,NA,NA,419,y2
4,6,1/20/16,HIMB,3,2,0,0.229498268,0.229498268,1,D,D,D,not bleached,453,y2
4,6,2/11/16,HIMB,3,2,0,0.092404388,0.092404388,1,D,D,D,not bleached,475,y2
4,6,3/31/16,HIMB,NA,NA,0,0.087994379,0.087994379,1,D,D,D,not bleached,524,y2
40,5,10/24/14,HIMB,3,0,0.058389849,0.026039055,0.084428904,0.308413986,CD,C,C,not bleached,0,y1
40,5,11/4/14,HIMB,3,0,0.012520859,0.067247164,0.079768022,0.843034107,DC,D,C,not bleached,11,y1
40,5,11/24/14,HIMB,3,0,0.044865273,0.260503816,0.305369089,0.853078537,DC,D,C,not bleached,31,y1
40,5,12/16/14,HIMB,3,0,0.034983608,0.103342563,0.138326172,0.747093352,DC,D,C,not bleached,53,y1
40,5,1/14/15,HIMB,3,0,NA,NA,NA,NA,NA,NA,NA,NA,82,y1
40,5,5/6/15,HIMB,3,0,0.037737947,0.00149436,0.039232307,0.038090037,CD,C,C,not bleached,194,y1
40,5,8/11/15,HIMB,2,0,0.011633617,0.007551114,0.019184731,0.39360019,CD,C,D,not bleached,291,y2
40,5,9/14/15,HIMB,2,0,0.064576074,0.026873074,0.091449148,0.293858111,CD,C,D,not bleached,325,y2
40,5,10/1/15,HIMB,3,0,0.011347305,0.083736775,0.095084081,0.880660303,DC,D,D,not bleached,342,y2
40,5,10/21/15,HIMB,3,0,0.002195771,0.016633726,0.018829497,0.883386618,DC,D,D,not bleached,362,y2
40,5,11/4/15,HIMB,3,0,0.033313334,0.216105122,0.249418456,0.866435971,DC,D,D,not bleached,376,y2
40,5,12/4/15,HIMB,NA,NA,0.004493775,0.015272766,0.019766541,0.772657498,DC,D,D,not bleached,406,y2
40,5,12/17/15,HIMB,3,0,0.013750649,0.050406555,0.064157204,0.785672561,DC,D,D,not bleached,419,y2
40,5,1/20/16,HIMB,3,0,0.021465202,0.145481254,0.166946456,0.871424633,DC,D,D,not bleached,453,y2
40,5,2/11/16,HIMB,3,0,0.017036155,0.100715328,0.117751483,0.855321102,DC,D,D,not bleached,475,y2
40,5,3/31/16,HIMB,NA,NA,0.00449035,0.02694395,0.0314343,0.85715127,DC,D,D,not bleached,524,y2
43,5,10/24/14,HIMB,1,0,0.00091542,0.00028584,0.00120126,0.23795022,CD,C,C,bleached,0,y1
43,5,11/4/14,HIMB,1,0,0.006677344,NA,0.006677344,0,C,C,C,bleached,11,y1
43,5,11/24/14,HIMB,1,0,0.002262425,NA,0.002262425,0,C,C,C,bleached,31,y1
43,5,12/16/14,HIMB,NA,No pic,0.004038195,NA,0.004038195,0,C,C,C,bleached,53,y1
43,5,1/14/15,HIMB,1,1,NA,NA,NA,NA,NA,NA,NA,NA,82,y1
43,5,5/6/15,HIMB,3,1,0.014797454,NA,0.014797454,0,C,C,C,bleached,194,y1
43,5,8/11/15,HIMB,2,1,0.066638214,0,0.066638214,0,C,C,C,bleached,291,y2
43,5,9/14/15,HIMB,1,1,0.004714902,0,0.004714902,0,C,C,C,bleached,325,y2
43,5,10/1/15,HIMB,1,1,0,0,2.00E-05,NA,NA,NA,C,bleached,342,y2
43,5,10/21/15,HIMB,1,1,0,0,2.00E-05,NA,NA,NA,C,bleached,362,y2
43,5,11/4/15,HIMB,1,1,0.000504903,0,0.000504903,0,C,C,C,bleached,376,y2
43,5,12/4/15,HIMB,NA,NA,0,0,2.00E-05,NA,NA,NA,C,bleached,406,y2
43,5,12/17/15,HIMB,1,2,0.004376956,0,0.004376956,0,C,C,C,bleached,419,y2
43,5,1/20/16,HIMB,1,2,0.006042007,0,0.006042007,0,C,C,C,bleached,453,y2
43,5,2/11/16,HIMB,1,2,0.326633247,0,0.326633247,0,C,C,C,bleached,475,y2
44,5,10/24/14,HIMB,3,0,0.03465823,NA,0.03465823,0,C,C,C,not bleached,0,y1
44,5,11/4/14,HIMB,3,0,0.031515103,NA,0.031515103,0,C,C,C,not bleached,11,y1
44,5,11/24/14,HIMB,3,0,0.018497183,NA,0.018497183,0,C,C,C,not bleached,31,y1
44,5,12/16/14,HIMB,NA,No pic,0.060617712,NA,0.060617712,0,C,C,C,not bleached,53,y1
44,5,1/14/15,HIMB,3,0,0.14773068,NA,0.14773068,0,C,C,C,not bleached,82,y1
44,5,5/6/15,HIMB,3,0,0.029166376,NA,0.029166376,0,C,C,C,not bleached,194,y1
44,5,8/11/15,HIMB,3,0,0.024497758,0,0.024497758,0,C,C,C,not bleached,291,y2
44,5,9/14/15,HIMB,3,0,0.072112519,0,0.072112519,0,C,C,C,not bleached,325,y2
44,5,10/1/15,HIMB,3,0,0.029753301,0,0.029753301,0,C,C,C,not bleached,342,y2
44,5,10/21/15,HIMB,3,0,0.015793706,0,0.015793706,0,C,C,C,not bleached,362,y2
44,5,11/4/15,HIMB,3,0,0.088072996,0,0.088072996,0,C,C,C,not bleached,376,y2
44,5,12/4/15,HIMB,NA,NA,0.011004928,0,0.011004928,0,C,C,C,not bleached,406,y2
44,5,12/17/15,HIMB,3,0,0.060845465,0,0.060845465,0,C,C,C,not bleached,419,y2
44,5,1/20/16,HIMB,3,0,0.021204195,0,0.021204195,0,C,C,C,not bleached,453,y2
44,5,2/11/16,HIMB,3,0,0.053278363,0,0.053278363,0,C,C,C,not bleached,475,y2
44,5,3/31/16,HIMB,NA,NA,0.060900317,0,0.060900317,0,C,C,C,not bleached,524,y2
5,6,10/24/14,HIMB,1,0,0.054941583,NA,0.054941583,0,C,C,C,bleached,0,y1
5,6,11/4/14,HIMB,1,0,0.020168721,NA,0.020168721,0,C,C,C,bleached,11,y1
5,6,11/24/14,HIMB,1,1,0.00210942,NA,0.00210942,0,C,C,C,bleached,31,y1
5,6,12/16/14,HIMB,2,1,0.003463773,NA,0.003463773,0,C,C,C,bleached,53,y1
5,6,1/14/15,HIMB,3,2,0.141767886,NA,0.141767886,0,C,C,C,bleached,82,y1
5,6,5/6/15,HIMB,3,2,0.029162867,NA,0.029162867,0,C,C,C,bleached,194,y1
5,6,8/11/15,HIMB,NA,missing,NA,NA,NA,NA,NA,NA,NA,NA,291,y2
5,6,9/14/15,HIMB,NA,missing,NA,NA,NA,NA,NA,NA,NA,NA,325,y2
5,6,10/1/15,HIMB,NA,missing,NA,NA,NA,NA,NA,NA,NA,NA,342,y2
5,6,10/21/15,HIMB,NA,missing,NA,NA,NA,NA,NA,NA,NA,NA,362,y2
5,6,11/4/15,HIMB,NA,missing,NA,NA,NA,NA,NA,NA,NA,NA,376,y2
5,6,12/17/15,HIMB,NA,missing,NA,NA,NA,NA,NA,NA,NA,NA,419,y2
5,6,1/20/16,HIMB,NA,missing,NA,NA,NA,NA,NA,NA,NA,NA,453,y2
5,6,2/11/16,HIMB,NA,missing,NA,NA,NA,NA,NA,NA,NA,NA,475,y2
51,5,10/24/14,25,1,0,0.027021828,NA,0.027021828,0,C,C,C,bleached,0,y1
51,5,11/4/14,25,1,0,0.007565853,NA,0.007565853,0,C,C,C,bleached,11,y1
51,5,11/24/14,25,1,0,0.004851065,NA,0.004851065,0,C,C,C,bleached,31,y1
51,5,12/16/14,25,2,0,0.007902237,NA,0.007902237,0,C,C,C,bleached,53,y1
51,5,1/14/15,25,2,0,0.035844539,NA,0.035844539,0,C,C,C,bleached,82,y1
51,5,5/6/15,25,3,0,NA,NA,NA,NA,NA,NA,NA,NA,194,y1
51,5,8/11/15,25,2,0,0.085643855,0,0.085643855,0,C,C,C,bleached,291,y2
51,5,9/14/15,25,1,0,0.077923028,0,0.077923028,0,C,C,C,bleached,325,y2
51,5,10/1/15,25,1,0,0.003590358,0,0.003590358,0,C,C,C,bleached,342,y2
51,5,10/21/15,25,1,0,0.003429451,0,0.003429451,0,C,C,C,bleached,362,y2
51,5,11/4/15,25,1,0,0.007552362,0,0.007552362,0,C,C,C,bleached,376,y2
51,5,12/4/15,25,NA,NA,0.091444712,0,0.091444712,0,C,C,C,bleached,406,y2
51,5,12/17/15,25,1,0,0.091159925,0,0.091159925,0,C,C,C,bleached,419,y2
51,5,1/20/16,25,2,0,0.051706647,0,0.051706647,0,C,C,C,bleached,453,y2
51,5,2/11/16,25,2,0,0.189122583,0,0.189122583,0,C,C,C,bleached,475,y2
51,5,3/31/16,25,NA,NA,0.023884915,0,0.023884915,0,C,C,C,bleached,524,y2
52,5,10/24/14,25,3,0,0.01633652,0.013399375,0.029735895,0.45061281,CD,C,D,not bleached,0,y1
52,5,11/4/14,25,3,0,0.008097409,0.044059431,0.05215684,0.844748865,DC,D,D,not bleached,11,y1
52,5,11/24/14,25,3,0,NA,NA,NA,NA,NA,NA,NA,NA,31,y1
52,5,12/16/14,25,3,0,0.013204546,0.078534083,0.091738629,0.856063404,DC,D,D,not bleached,53,y1
52,5,1/14/15,25,3,0,0.072023808,0.167267122,0.23929093,0.699011541,DC,D,D,not bleached,82,y1
52,5,5/6/15,25,3,0,0.013335299,0.050317833,0.063653132,0.790500506,DC,D,D,not bleached,194,y1
52,5,8/11/15,25,3,0,0.015755437,0.033692124,0.04944756,0.681370797,DC,D,D,not bleached,291,y2
52,5,9/14/15,25,3,0,0.03905615,0.030875476,0.069931626,0.441509479,CD,C,D,not bleached,325,y2
52,5,10/1/15,25,3,0,0.00354277,0.015424902,0.018967672,0.813220622,DC,D,D,not bleached,342,y2
52,5,10/21/15,25,3,0,0.199407773,0.805610935,1.005018708,0.801587999,DC,D,D,not bleached,362,y2
52,5,11/4/15,25,3,0,0.00610452,0.114197674,0.120302194,0.949256787,DC,D,D,not bleached,376,y2
52,5,12/4/15,25,NA,NA,0.007529885,0.087796374,0.095326259,0.921009331,DC,D,D,not bleached,406,y2
52,5,12/17/15,25,3,0,0.015022238,0.062704169,0.077726407,0.80672929,DC,D,D,not bleached,419,y2
52,5,1/20/16,25,3,0,0.112628477,0.163142568,0.275771045,0.59158701,DC,D,D,not bleached,453,y2
52,5,2/11/16,25,3,0,0.03496108,0.141336419,0.176297499,0.801692707,DC,D,D,not bleached,475,y2
52,5,3/31/16,25,NA,NA,0.007893296,0.098209417,0.106102713,0.92560703,DC,D,D,not bleached,524,y2
53,8,10/24/14,25,1,0,0.012779266,NA,0.012779266,0,C,C,C,bleached,0,y1
53,8,11/4/14,25,2,0,0.026620328,NA,0.026620328,0,C,C,C,bleached,11,y1
53,8,11/24/14,25,3,0,0.03802386,NA,0.03802386,0,C,C,C,bleached,31,y1
53,8,12/16/14,25,3,0,0.046281335,NA,0.046281335,0,C,C,C,bleached,53,y1
53,8,1/14/15,25,3,0,NA,NA,NA,NA,NA,NA,NA,NA,82,y1
53,8,5/6/15,25,3,0,0.021359425,NA,0.021359425,0,C,C,C,bleached,194,y1
53,8,8/11/15,25,2,0,0.01475598,0,0.01475598,0,C,C,C,bleached,291,y2
53,8,9/14/15,25,1,0,0.008702488,0,0.008702488,0,C,C,C,bleached,325,y2
53,8,10/1/15,25,1,0,0.003990108,0,0.003990108,0,C,C,C,bleached,342,y2
53,8,10/21/15,25,1,0,0.005261149,0,0.005261149,0,C,C,C,bleached,362,y2
53,8,11/4/15,25,2,0,0.02874079,0,0.02874079,0,C,C,C,bleached,376,y2
53,8,12/4/15,25,NA,NA,0.011692227,0,0.011692227,0,C,C,C,bleached,406,y2
53,8,12/17/15,25,2,0,0.920534408,0,0.920534408,0,C,C,C,bleached,419,y2
53,8,1/20/16,25,2,0,0.020791585,0,0.020791585,0,C,C,C,bleached,453,y2
53,8,2/11/16,25,3,0,0.020375702,0,0.020375702,0,C,C,C,bleached,475,y2
53,8,3/31/16,25,NA,NA,0.022981927,0,0.022981927,0,C,C,C,bleached,524,y2
54,8,10/24/14,25,3,0,0.319037152,NA,0.319037152,0,C,C,C,not bleached,0,y1
54,8,11/4/14,25,3,0,0.068575676,NA,0.068575676,0,C,C,C,not bleached,11,y1
54,8,11/24/14,25,3,0,0.076450444,NA,0.076450444,0,C,C,C,not bleached,31,y1
54,8,12/16/14,25,3,0,0.036602759,NA,0.036602759,0,C,C,C,not bleached,53,y1
54,8,1/14/15,25,3,0,NA,NA,NA,NA,NA,NA,NA,NA,82,y1
54,8,5/6/15,25,3,0,0.050194666,NA,0.050194666,0,C,C,C,not bleached,194,y1
54,8,8/11/15,25,3,0,0.150219453,0,0.150219453,0,C,C,C,not bleached,291,y2
54,8,9/14/15,25,3,0,NA,NA,NA,NA,NA,NA,NA,NA,325,y2
54,8,10/1/15,25,3,0,NA,NA,NA,NA,NA,NA,NA,NA,342,y2
54,8,10/21/15,25,3,0,NA,NA,NA,NA,NA,NA,NA,NA,362,y2
54,8,11/4/15,25,3,0,NA,NA,NA,NA,NA,NA,NA,NA,376,y2
54,8,12/17/15,25,3,0,NA,NA,NA,NA,NA,NA,NA,NA,419,y2
54,8,1/20/16,25,3,0,NA,NA,NA,NA,NA,NA,NA,NA,453,y2
54,8,2/11/16,25,3,0,NA,NA,NA,NA,NA,NA,NA,NA,475,y2
57,5,10/24/14,25,1,0,0.00498784,NA,0.00498784,0,C,C,C,bleached,0,y1
57,5,11/4/14,25,1,0,0.012119144,NA,0.012119144,0,C,C,C,bleached,11,y1
57,5,11/24/14,25,1,0,0.048456232,NA,0.048456232,0,C,C,C,bleached,31,y1
57,5,12/16/14,25,2,0,0.021870435,NA,0.021870435,0,C,C,C,bleached,53,y1
57,5,1/14/15,25,2,0,1.625690765,NA,1.625690765,0,C,C,C,bleached,82,y1
57,5,5/6/15,25,3,0,0.083096021,NA,0.083096021,0,C,C,C,bleached,194,y1
57,5,8/11/15,25,3,0,0.053387417,0,0.053387417,0,C,C,C,bleached,291,y2
57,5,9/14/15,25,1,0,0.009824799,0,0.009824799,0,C,C,C,bleached,325,y2
57,5,10/1/15,25,1,0,0.000993697,0,0.000993697,0,C,C,C,bleached,342,y2
57,5,10/21/15,25,1,0,0,0,2.00E-05,NA,NA,NA,C,bleached,362,y2
57,5,11/4/15,25,1,0,0.0001215,0,0.0001215,0,C,C,C,bleached,376,y2
57,5,12/4/15,25,NA,NA,0.00495927,0,0.00495927,0,C,C,C,bleached,406,y2
57,5,12/17/15,25,2,0,0.374657322,0,0.374657322,0,C,C,C,bleached,419,y2
57,5,1/20/16,25,2,0,0.111251258,0,0.111251258,0,C,C,C,bleached,453,y2
57,5,2/11/16,25,3,0,0.111672321,0,0.111672321,0,C,C,C,bleached,475,y2
57,5,3/31/16,25,NA,NA,0.130637732,0,0.130637732,0,C,C,C,bleached,524,y2
58,5,10/24/14,25,3,0,0.012715023,0.077611377,0.0903264,0.85923248,DC,D,D,not bleached,0,y1
58,5,11/4/14,25,3,0,0.017452085,0.167348188,0.184800273,0.905562449,DC,D,D,not bleached,11,y1
58,5,11/24/14,25,3,0,0.013231012,0.305807532,0.319038544,0.958528486,DC,D,D,not bleached,31,y1
58,5,12/16/14,25,3,0,0.001165327,0.136393028,0.137558355,0.991528489,DC,D,D,not bleached,53,y1
58,5,1/14/15,25,3,0,0.13338666,0.345799513,0.479186173,0.721639172,DC,D,D,not bleached,82,y1
58,5,5/6/15,25,3,0,0.012100284,0.044950634,0.057050919,0.787903777,DC,D,D,not bleached,194,y1
58,5,8/11/15,25,2,0,0.015690048,0.112084227,0.127774274,0.877204955,DC,D,D,not bleached,291,y2
58,5,9/14/15,25,2,0,0.011367774,0.094189181,0.105556955,0.89230673,DC,D,D,not bleached,325,y2
58,5,10/1/15,25,2,0,0.002706593,0.110326799,0.113033391,0.976054927,DC,D,D,not bleached,342,y2
58,5,10/21/15,25,3,0,0.000673443,0.131611291,0.132284734,0.99490914,DC,D,D,not bleached,362,y2
58,5,11/4/15,25,3,0,NA,NA,NA,NA,NA,NA,NA,NA,376,y2
58,5,12/4/15,25,NA,NA,0.002576706,0.12318557,0.125762276,0.979511298,DC,D,D,not bleached,406,y2
58,5,12/17/15,25,3,0,NA,NA,NA,NA,NA,NA,NA,NA,419,y2
58,5,1/20/16,25,3,0,0.013195991,0.406338839,0.41953483,0.968546136,DC,D,D,not bleached,453,y2
58,5,2/11/16,25,3,0,0.004945539,0.171681343,0.176626882,0.972000076,DC,D,D,not bleached,475,y2
58,5,3/31/16,25,NA,NA,0.025550468,0.179624391,0.20517486,0.875469789,DC,D,D,not bleached,524,y2
6,6,10/24/14,HIMB,3,0,NA,NA,NA,NA,NA,NA,NA,NA,0,y1
6,6,11/4/14,HIMB,3,0,NA,0.043448788,0.043448788,1,D,D,D,not bleached,11,y1
6,6,11/24/14,HIMB,3,0,NA,0.082444187,0.082444187,1,D,D,D,not bleached,31,y1
6,6,12/16/14,HIMB,3,0,NA,0.185426809,0.185426809,1,D,D,D,not bleached,53,y1
6,6,1/14/15,HIMB,3,0,0.000741525,4.924870286,4.925611811,0.999849455,DC,D,D,not bleached,82,y1
6,6,5/6/15,HIMB,NA,missing,NA,NA,NA,NA,NA,NA,NA,NA,194,y1
6,6,8/11/15,HIMB,NA,missing,NA,NA,NA,NA,NA,NA,NA,NA,291,y2
6,6,9/14/15,HIMB,NA,missing,NA,NA,NA,NA,NA,NA,NA,NA,325,y2
6,6,10/1/15,HIMB,NA,missing,NA,NA,NA,NA,NA,NA,NA,NA,342,y2
6,6,10/21/15,HIMB,NA,missing,NA,NA,NA,NA,NA,NA,NA,NA,362,y2
6,6,11/4/15,HIMB,NA,missing,NA,NA,NA,NA,NA,NA,NA,NA,376,y2
6,6,12/17/15,HIMB,NA,missing,NA,NA,NA,NA,NA,NA,NA,NA,419,y2
6,6,1/20/16,HIMB,NA,missing,NA,NA,NA,NA,NA,NA,NA,NA,453,y2
6,6,2/11/16,HIMB,NA,missing,NA,NA,NA,NA,NA,NA,NA,NA,475,y2
65,6,10/24/14,25,1,0,0.247538305,NA,0.247538305,0,C,C,C,bleached,0,y1
65,6,11/4/14,25,2,0,0.006611925,NA,0.006611925,0,C,C,C,bleached,11,y1
65,6,11/24/14,25,2,0,0.113825074,NA,0.113825074,0,C,C,C,bleached,31,y1
65,6,12/16/14,25,2,0,0.122064824,3.19E-05,0.122096769,0.000261639,CD,C,C,bleached,53,y1
65,6,1/14/15,25,2,0,0.69220345,NA,0.69220345,0,C,C,C,bleached,82,y1
65,6,5/6/15,25,3,0,0.00908733,NA,0.00908733,0,C,C,C,bleached,194,y1
65,6,8/11/15,25,2,0,0.029276635,0,0.029276635,0,C,C,C,bleached,291,y2
65,6,9/14/15,25,1,0,0.046010073,0,0.046010073,0,C,C,C,bleached,325,y2
65,6,10/1/15,25,2,0,0.054511089,0,0.054511089,0,C,C,C,bleached,342,y2
65,6,10/21/15,25,2,0,0.01152766,0,0.01152766,0,C,C,C,bleached,362,y2
65,6,11/4/15,25,2,0,0.056355239,0,0.056355239,0,C,C,C,bleached,376,y2
65,6,12/4/15,25,NA,NA,0.025337071,0,0.025337071,0,C,C,C,bleached,406,y2
65,6,12/17/15,25,3,0,0.088134065,0,0.088134065,0,C,C,C,bleached,419,y2
65,6,1/20/16,25,3,0,0.058140752,0,0.058140752,0,C,C,C,bleached,453,y2
65,6,2/11/16,25,3,0,0.038505105,0,0.038505105,0,C,C,C,bleached,475,y2
65,6,3/31/16,25,NA,NA,0.023317284,0,0.023317284,0,C,C,C,bleached,524,y2
66,6,10/24/14,25,3,0,0.022382305,NA,0.022382305,0,C,C,C,not bleached,0,y1
66,6,11/4/14,25,3,0,0.023871472,NA,0.023871472,0,C,C,C,not bleached,11,y1
66,6,11/24/14,25,3,0,0.064562485,NA,0.064562485,0,C,C,C,not bleached,31,y1
66,6,12/16/14,25,3,0,0.162652068,NA,0.162652068,0,C,C,C,not bleached,53,y1
66,6,1/14/15,25,3,0,0.209808064,NA,0.209808064,0,C,C,C,not bleached,82,y1
66,6,5/6/15,25,3,0,0.040575912,NA,0.040575912,0,C,C,C,not bleached,194,y1
66,6,8/11/15,25,3,0,0.014509017,0,0.014509017,0,C,C,C,not bleached,291,y2
66,6,9/14/15,25,3,0,0.080693348,0,0.080693348,0,C,C,C,not bleached,325,y2
66,6,10/1/15,25,3,0,0.026006094,0,0.026006094,0,C,C,C,not bleached,342,y2
66,6,10/21/15,25,3,0,0.024096936,0,0.024096936,0,C,C,C,not bleached,362,y2
66,6,11/4/15,25,3,0,0.240789361,0,0.240789361,0,C,C,C,not bleached,376,y2
66,6,12/4/15,25,NA,NA,0.07555356,0,0.07555356,0,C,C,C,not bleached,406,y2
66,6,12/17/15,25,3,0,0.280387425,0,0.280387425,0,C,C,C,not bleached,419,y2
66,6,1/20/16,25,3,0,0.044229218,0,0.044229218,0,C,C,C,not bleached,453,y2
66,6,2/11/16,25,3,0,0.090926432,0,0.090926432,0,C,C,C,not bleached,475,y2
66,6,3/31/16,25,NA,NA,0.010901674,0,0.010901674,0,C,C,C,not bleached,524,y2
69,5,10/24/14,25,1,0,0.059566862,NA,0.059566862,0,C,C,C,bleached,0,y1
69,5,11/4/14,25,1,0,0.009863611,0.010509147,0.020372758,0.515843129,DC,D,C,bleached,11,y1
69,5,11/24/14,25,2,0,0.02122212,0.020727278,0.041949398,0.494101924,CD,C,C,bleached,31,y1
69,5,12/16/14,25,2,0,0.079335831,NA,0.079335831,0,C,C,C,bleached,53,y1
69,5,1/14/15,25,2,0,0.169724667,0.222326685,0.392051352,0.567085623,DC,D,C,bleached,82,y1
69,5,5/6/15,25,3,0,0.236331916,NA,0.236331916,0,C,C,C,bleached,194,y1
69,5,8/11/15,25,2,0,0.049845033,0,0.049845033,0,C,C,C,bleached,291,y2
69,5,9/14/15,25,2,0,0.009390343,0,0.009390343,0,C,C,C,bleached,325,y2
69,5,10/1/15,25,1,0,0.006121257,0.006253828,0.012375084,0.50535637,DC,D,C,bleached,342,y2
69,5,10/21/15,25,1,0,0,0,2.00E-05,NA,NA,NA,C,bleached,362,y2
69,5,11/4/15,25,1,0,0.006364635,0,0.006364635,0,C,C,C,bleached,376,y2
69,5,12/4/15,25,NA,NA,0.016753352,0.015369405,0.032122757,0.478458479,CD,C,C,bleached,406,y2
69,5,12/17/15,25,2,0,0.780241993,0,0.780241993,0,C,C,C,bleached,419,y2
69,5,1/20/16,25,3,0,0.012539239,0.011934279,0.024473517,0.487640519,CD,C,C,bleached,453,y2
69,5,2/11/16,25,3,0,0.03409239,0.047186081,0.081278471,0.580548336,DC,D,C,bleached,475,y2
69,5,3/31/16,25,NA,NA,0.022975555,0.003956952,0.026932507,0.14692103,CD,C,C,bleached,524,y2
7,5,10/24/14,HIMB,1,0,0.066378985,NA,0.066378985,0,C,C,C,bleached,0,y1
7,5,11/4/14,HIMB,1,1,0.003051054,NA,0.003051054,0,C,C,C,bleached,11,y1
7,5,11/24/14,HIMB,1,2,0.008377402,0.003576715,0.011954118,0.299203631,CD,C,C,bleached,31,y1
7,5,12/16/14,HIMB,0,3,NA,NA,NA,NA,NA,NA,NA,NA,53,y1
7,5,1/14/15,HIMB,0,3,NA,NA,NA,NA,NA,NA,NA,NA,82,y1
7,5,5/6/15,HIMB,0,3,NA,NA,NA,NA,NA,NA,NA,NA,194,y1
7,5,8/11/15,HIMB,0,3,NA,NA,NA,NA,NA,NA,NA,NA,291,y2
7,5,9/14/15,HIMB,0,3,NA,NA,NA,NA,NA,NA,NA,NA,325,y2
7,5,10/1/15,HIMB,0,3,NA,NA,NA,NA,NA,NA,NA,NA,342,y2
7,5,10/21/15,HIMB,0,3,NA,NA,NA,NA,NA,NA,NA,NA,362,y2
7,5,11/4/15,HIMB,0,3,NA,NA,NA,NA,NA,NA,NA,NA,376,y2
7,5,12/17/15,HIMB,0,3,NA,NA,NA,NA,NA,NA,NA,NA,419,y2
7,5,1/20/16,HIMB,0,3,NA,NA,NA,NA,NA,NA,NA,NA,453,y2
7,5,2/11/16,HIMB,0,3,NA,NA,NA,NA,NA,NA,NA,NA,475,y2
70,5,10/24/14,25,3,0,0.000505568,0.061171214,0.061676781,0.991802948,DC,D,D,not bleached,0,y1
70,5,11/4/14,25,3,0,0.001678583,0.083553878,0.085232462,0.980305819,DC,D,D,not bleached,11,y1
70,5,11/24/14,25,3,0,0.028349025,1.482550817,1.510899842,0.981236993,DC,D,D,not bleached,31,y1
70,5,12/16/14,25,3,0,2.32E-06,0.061622849,0.061625173,0.999962275,DC,D,D,not bleached,53,y1
70,5,1/14/15,25,3,0,0.00017979,0.201384055,0.201563844,0.999108025,DC,D,D,not bleached,82,y1
70,5,5/6/15,25,3,0,4.56E-05,0.156717412,0.156763055,0.999708837,DC,D,D,not bleached,194,y1
70,5,8/11/15,25,3,0,0.000270843,0.0222393,0.022510143,0.987967964,DC,D,D,not bleached,291,y2
70,5,9/14/15,25,3,0,0.000399766,0.020947257,0.021347023,0.981272984,DC,D,D,not bleached,325,y2
70,5,10/1/15,25,3,0,0.000508027,0.010973025,0.011481053,0.955750812,DC,D,D,not bleached,342,y2
70,5,10/21/15,25,3,0,0.000786478,0.03199533,0.032781808,0.976008714,DC,D,D,not bleached,362,y2
70,5,11/4/15,25,3,0,0.000604212,0.03474394,0.035348152,0.982906816,DC,D,D,not bleached,376,y2
70,5,12/4/15,25,NA,NA,0.000220168,0.096823776,0.097043944,0.997731253,DC,D,D,not bleached,406,y2
70,5,12/17/15,25,3,0,0.002803303,1.435402334,1.438205637,0.998050833,DC,D,D,not bleached,419,y2
70,5,1/20/16,25,3,0,0.001056196,0.105440803,0.106496999,0.990082385,DC,D,D,not bleached,453,y2
70,5,2/11/16,25,3,0,0,0.050314051,0.050314051,1,D,D,D,not bleached,475,y2
70,5,3/31/16,25,NA,NA,0,0.033080049,0.033080049,1,D,D,D,not bleached,524,y2
71,5,10/24/14,25,1,0,0.000343461,0.000396772,0.000740233,0.536009903,DC,D,C,bleached,0,y1
71,5,11/4/14,25,1,0,0.000563788,0.000369859,0.000933647,0.396144794,CD,C,C,bleached,11,y1
71,5,11/24/14,25,1,1,0.008411618,0.00614715,0.014558768,0.422230112,CD,C,C,bleached,31,y1
71,5,12/16/14,25,2,1,0.001262666,0.001050106,0.002312772,0.454046452,CD,C,C,bleached,53,y1
71,5,1/14/15,25,2,1,0.01391731,0.0166201,0.03053741,0.544253751,DC,D,C,bleached,82,y1
71,5,5/6/15,25,2,1,0.005294938,0.003331449,0.008626387,0.386192818,CD,C,C,bleached,194,y1
71,5,8/11/15,25,1,1,0.025399494,0,0.025399494,0,C,C,D,bleached,291,y2
71,5,9/14/15,25,1,1,0.05726683,0,0.05726683,0,C,C,D,bleached,325,y2
71,5,10/1/15,25,1,1,NA,NA,NA,NA,NA,NA,NA,NA,342,y2
71,5,10/21/15,25,1,1,0.000199185,0.000227051,0.000426236,0.532689194,DC,D,D,bleached,362,y2
71,5,11/4/15,25,2,1,0.000201622,0.002055429,0.002257051,0.910669996,DC,D,D,bleached,376,y2
71,5,12/4/15,25,NA,NA,6.09E-05,0.030654765,0.030715678,0.998016898,DC,D,D,bleached,406,y2
71,5,12/17/15,25,2,1,0.032214266,0.015167269,0.047381536,0.320109279,CD,C,D,bleached,419,y2
71,5,1/20/16,25,2,1,0.000155726,0.045572432,0.045728158,0.996594536,DC,D,D,bleached,453,y2
71,5,2/11/16,25,2,1,0.001960305,0.333152626,0.335112931,0.994150316,DC,D,D,bleached,475,y2
71,5,3/31/16,25,NA,NA,0.001418954,0.134400012,0.135818966,0.989552608,DC,D,D,bleached,524,y2
72,5,10/24/14,25,3,0,0.005385589,0.005488824,0.010874414,0.504746677,DC,D,C,not bleached,0,y1
72,5,11/4/14,25,3,0,0.011897955,0.010014506,0.021912461,0.457023323,CD,C,C,not bleached,11,y1
72,5,11/24/14,25,3,0,0.015087149,0.011668467,0.026755617,0.43611282,CD,C,C,not bleached,31,y1
72,5,12/16/14,25,3,0,0.086658573,0.089812349,0.176470922,0.508935683,DC,D,C,not bleached,53,y1
72,5,1/14/15,25,3,0,1.656382801,NA,1.656382801,0,C,C,C,not bleached,82,y1
72,5,5/6/15,25,3,0,0.359467589,0.002023236,0.361490825,0.005596921,CD,C,C,not bleached,194,y1
72,5,8/11/15,25,3,0,0.074984881,0.000538042,0.075522923,0.007124215,CD,C,C,not bleached,291,y2
72,5,9/14/15,25,3,0,0.174022234,0.001956994,0.175979229,0.011120597,CD,C,C,not bleached,325,y2
72,5,10/1/15,25,3,0,NA,NA,NA,NA,NA,NA,NA,NA,342,y2
72,5,10/21/15,25,3,0,0.015519152,0,0.015519152,0,C,C,C,not bleached,362,y2
72,5,11/4/15,25,3,0,0.198085276,0,0.198085276,0,C,C,C,not bleached,376,y2
72,5,12/4/15,25,NA,NA,0.017863933,0,0.017863933,0,C,C,C,not bleached,406,y2
72,5,12/17/15,25,3,0,0.128469122,0.001842404,0.130311526,0.014138458,CD,C,C,not bleached,419,y2
72,5,1/20/16,25,3,0,0.05009615,0.000954548,0.051050698,0.018698038,CD,C,C,not bleached,453,y2
72,5,2/11/16,25,3,0,0.039740217,0,0.039740217,0,C,C,C,not bleached,475,y2
72,5,3/31/16,25,NA,NA,0.013619745,0.045662548,0.059282293,0.770256097,DC,D,C,not bleached,524,y2
77,6,10/24/14,25,1,0,0.008459411,NA,0.008459411,0,C,C,C,bleached,0,y1
77,6,11/4/14,25,1,0,0.005629215,0.000233301,0.005862515,0.039795329,CD,C,C,bleached,11,y1
77,6,11/24/14,25,1,0,0.004681922,NA,0.004681922,0,C,C,C,bleached,31,y1
77,6,12/16/14,25,2,0,0.007341511,0.003811752,0.011153263,0.341761125,CD,C,C,bleached,53,y1
77,6,1/14/15,25,2,0,0.052155435,NA,0.052155435,0,C,C,C,bleached,82,y1
77,6,5/6/15,25,3,0,0.017350882,NA,0.017350882,0,C,C,C,bleached,194,y1
77,6,8/11/15,25,2,0,0.010243081,0,0.010243081,0,C,C,C,bleached,291,y2
77,6,9/14/15,25,1,0,0,0,2.00E-05,NA,NA,NA,C,bleached,325,y2
77,6,10/1/15,25,1,0,0,0,2.00E-05,NA,NA,NA,C,bleached,342,y2
77,6,10/21/15,25,1,0,0.00026704,0,0.00026704,0,C,C,C,bleached,362,y2
77,6,11/4/15,25,1,1,0.009248875,0,0.009248875,0,C,C,C,bleached,376,y2
77,6,12/4/15,25,NA,NA,0.043708072,0,0.043708072,0,C,C,C,bleached,406,y2
77,6,12/17/15,25,2,1,NA,NA,NA,NA,NA,NA,NA,NA,419,y2
77,6,1/20/16,25,2,2,0.067845341,0,0.067845341,0,C,C,C,bleached,453,y2
77,6,2/11/16,25,2,2,0.170517717,0,0.170517717,0,C,C,C,bleached,475,y2
77,6,3/31/16,25,NA,NA,0.02376354,0,0.02376354,0,C,C,C,bleached,524,y2
78,6,10/24/14,25,3,0,0.004876381,0.025485168,0.030361549,0.839389581,DC,D,D,not bleached,0,y1
78,6,11/4/14,25,3,0,0.000346372,0.112013099,0.11235947,0.99691729,DC,D,D,not bleached,11,y1
78,6,11/24/14,25,3,0,0.015196289,0.051240325,0.066436614,0.771266348,DC,D,D,not bleached,31,y1
78,6,12/16/14,25,3,0,2.37E-05,0.076795043,0.076818694,0.999692116,DC,D,D,not bleached,53,y1
78,6,1/14/15,25,3,0,0.032337904,NA,0.032337904,0,C,C,D,not bleached,82,y1
78,6,5/6/15,25,3,0,0.060096684,0.016781246,0.07687793,0.218284315,CD,C,D,not bleached,194,y1
78,6,8/11/15,25,3,0,0.001329679,0.09606836,0.097398039,0.986347992,DC,D,D,not bleached,291,y2
78,6,9/14/15,25,3,0,0.030884859,0.075924282,0.106809141,0.710840676,DC,D,D,not bleached,325,y2
78,6,10/1/15,25,3,0,0.000357354,0.020194485,0.02055184,0.982612043,DC,D,D,not bleached,342,y2
78,6,10/21/15,25,3,0,NA,NA,NA,NA,NA,NA,NA,NA,362,y2
78,6,11/4/15,25,3,0,0.001305704,0.719294846,0.72060055,0.998188034,DC,D,D,not bleached,376,y2
78,6,12/4/15,25,NA,NA,0.000522726,0.252412484,0.25293521,0.997933359,DC,D,D,not bleached,406,y2
78,6,12/17/15,25,3,0,0.013494296,0.133397651,0.146891948,0.90813454,DC,D,D,not bleached,419,y2
78,6,1/20/16,25,3,0,0.01852341,0.16341419,0.181937601,0.898188113,DC,D,D,not bleached,453,y2
78,6,2/11/16,25,3,0,0.001035644,0.157290688,0.158326332,0.993458803,DC,D,D,not bleached,475,y2
78,6,3/31/16,25,NA,NA,0.000575795,0.015487576,0.016063371,0.964154768,DC,D,D,not bleached,524,y2
79,7,10/24/14,25,1,0,0.001328464,NA,0.001328464,0,C,C,C,bleached,0,y1
79,7,11/4/14,25,1,0,0.001417171,NA,0.001417171,0,C,C,C,bleached,11,y1
79,7,11/24/14,25,1,0,0.009716341,NA,0.009716341,0,C,C,C,bleached,31,y1
79,7,12/16/14,25,1,0,5.86E-05,NA,5.86E-05,0,C,C,C,bleached,53,y1
79,7,1/14/15,25,2,1,0.003830741,NA,0.003830741,0,C,C,C,bleached,82,y1
79,7,5/6/15,25,3,1,0.005898386,NA,0.005898386,0,C,C,C,bleached,194,y1
79,7,8/11/15,25,2,1,0.010101011,0,0.010101011,0,C,C,C,bleached,291,y2
79,7,9/14/15,25,2,1,0.016911443,0,0.016911443,0,C,C,C,bleached,325,y2
79,7,10/1/15,25,1,1,0.002311898,0,0.002311898,0,C,C,C,bleached,342,y2
79,7,10/21/15,25,1,1,7.30E-05,0,7.30E-05,0,C,C,C,bleached,362,y2
79,7,11/4/15,25,1,1,0.001324895,0.000235335,0.00156023,0.150833694,CD,C,C,bleached,376,y2
79,7,12/4/15,25,NA,NA,0.031779573,0,0.031779573,0,C,C,C,bleached,406,y2
79,7,12/17/15,25,2,2,0.042616135,0,0.042616135,0,C,C,C,bleached,419,y2
79,7,1/20/16,25,2,2,0.019318723,0.010510355,0.029829078,0.352352653,CD,C,C,bleached,453,y2
79,7,2/11/16,25,3,2,0.016666484,0,0.016666484,0,C,C,C,bleached,475,y2
79,7,3/31/16,25,NA,NA,0.013000794,0,0.013000794,0,C,C,C,bleached,524,y2
8,5,10/24/14,HIMB,3,0,0.012677567,0.01793415,0.030611717,0.585859013,DC,D,D,not bleached,0,y1
8,5,11/4/14,HIMB,3,0,0.002134152,0.016619793,0.018753944,0.886202519,DC,D,D,not bleached,11,y1
8,5,11/24/14,HIMB,3,0,0.015282814,0.038804816,0.05408763,0.717443456,DC,D,D,not bleached,31,y1
8,5,12/16/14,HIMB,3,0,0.006302488,0.086809045,0.093111533,0.932312492,DC,D,D,not bleached,53,y1
8,5,1/14/15,HIMB,3,0,0.184369388,1.051130673,1.235500061,0.850773469,DC,D,D,not bleached,82,y1
8,5,5/6/15,HIMB,3,0,0.000940081,0.005873518,0.006813599,0.862028664,DC,D,D,not bleached,194,y1
8,5,8/11/15,HIMB,2,0,0.00301337,0.031093464,0.034106834,0.911649085,DC,D,D,not bleached,291,y2
8,5,9/14/15,HIMB,2,0,0.041691398,0.288282501,0.329973899,0.873652437,DC,D,D,not bleached,325,y2
8,5,10/1/15,HIMB,3,0,0.008410711,0.10255041,0.110961122,0.924201276,DC,D,D,not bleached,342,y2
8,5,10/21/15,HIMB,3,0,0.192588512,1.348125841,1.540714353,0.875000508,DC,D,D,not bleached,362,y2
8,5,11/4/15,HIMB,3,0,0.012604158,0.116872319,0.129476477,0.902652912,DC,D,D,not bleached,376,y2
8,5,12/4/15,HIMB,NA,NA,0.000407996,0.024239524,0.02464752,0.983446762,DC,D,D,not bleached,406,y2
8,5,12/17/15,HIMB,3,0,0.004055776,0.122636061,0.126691837,0.96798708,DC,D,D,not bleached,419,y2
8,5,1/20/16,HIMB,3,0,0.00465741,0.31207294,0.31673035,0.985295347,DC,D,D,not bleached,453,y2
8,5,2/11/16,HIMB,3,0,0.000493861,0.058901785,0.059395647,0.991685227,DC,D,D,not bleached,475,y2
8,5,3/31/16,HIMB,NA,NA,0.001180565,0.038986141,0.040166706,0.970608362,DC,D,D,not bleached,524,y2
80,7,10/24/14,25,3,0,0.131283463,0.000717497,0.13200096,0.005435547,CD,C,C,not bleached,0,y1
80,7,11/4/14,25,3,0,0.029922594,0.000147265,0.030069859,0.004897425,CD,C,C,not bleached,11,y1
80,7,11/24/14,25,3,0,0.250317035,0.000126908,0.250443943,0.000506731,CD,C,C,not bleached,31,y1
80,7,12/16/14,25,3,0,0.005508101,0.001139909,0.006648009,0.171466144,CD,C,C,not bleached,53,y1
80,7,1/14/15,25,3,1,NA,NA,NA,NA,NA,NA,NA,NA,82,y1
80,7,5/6/15,25,2,2,0.352325551,0.126900294,0.479225845,0.264802693,CD,C,C,not bleached,194,y1
80,7,8/11/15,25,0,3,NA,NA,NA,NA,NA,NA,NA,NA,291,y2
80,7,9/14/15,25,0,3,NA,NA,NA,NA,NA,NA,NA,NA,325,y2
80,7,10/1/15,25,0,3,NA,NA,NA,NA,NA,NA,NA,NA,342,y2
80,7,10/21/15,25,0,3,NA,NA,NA,NA,NA,NA,NA,NA,362,y2
80,7,11/4/15,25,0,3,NA,NA,NA,NA,NA,NA,NA,NA,376,y2
80,7,12/17/15,25,0,3,NA,NA,NA,NA,NA,NA,NA,NA,419,y2
80,7,1/20/16,25,0,3,NA,NA,NA,NA,NA,NA,NA,NA,453,y2
80,7,2/11/16,25,0,3,NA,NA,NA,NA,NA,NA,NA,NA,475,y2
83,8,10/24/14,25,1,0,0.003394615,0.000229369,0.003623984,0.063291891,CD,C,C,bleached,0,y1
83,8,11/4/14,25,1,0,0.002356734,NA,0.002356734,0,C,C,C,bleached,11,y1
83,8,11/24/14,25,2,1,0.063476934,NA,0.063476934,0,C,C,C,bleached,31,y1
83,8,12/16/14,25,2,1,0.196321248,NA,0.196321248,0,C,C,C,bleached,53,y1
83,8,1/14/15,25,3,1,1.107487506,NA,1.107487506,0,C,C,C,bleached,82,y1
83,8,5/6/15,25,2,1,0.077069941,NA,0.077069941,0,C,C,C,bleached,194,y1
83,8,8/11/15,25,2,1,0.016974861,0,0.016974861,0,C,C,C,bleached,291,y2
83,8,9/14/15,25,1,1,0.012382475,0,0.012382475,0,C,C,C,bleached,325,y2
83,8,10/1/15,25,1,1,0.000405417,0,0.000405417,0,C,C,C,bleached,342,y2
83,8,10/21/15,25,1,2,0,0,2.00E-05,NA,NA,NA,C,bleached,362,y2
83,8,11/4/15,25,1,2,0.000422692,0,0.000422692,0,C,C,C,bleached,376,y2
83,8,12/4/15,25,NA,NA,0.04889035,0,0.04889035,0,C,C,C,bleached,406,y2
83,8,12/17/15,25,2,2,0.814588613,0,0.814588613,0,C,C,C,bleached,419,y2
83,8,1/20/16,25,2,2,0.011391832,0,0.011391832,0,C,C,C,bleached,453,y2
83,8,2/11/16,25,2,2,0.019407977,0,0.019407977,0,C,C,C,bleached,475,y2
83,8,3/31/16,25,NA,NA,0.025653395,0,0.025653395,0,C,C,C,bleached,524,y2
84,8,10/24/14,25,3,0,0.44923022,NA,0.44923022,0,C,C,C,not bleached,0,y1
84,8,11/4/14,25,3,0,0.053216203,NA,0.053216203,0,C,C,C,not bleached,11,y1
84,8,11/24/14,25,3,0,0.396273954,NA,0.396273954,0,C,C,C,not bleached,31,y1
84,8,12/16/14,25,3,0,0.044760468,NA,0.044760468,0,C,C,C,not bleached,53,y1
84,8,1/14/15,25,3,0,2.051787957,NA,2.051787957,0,C,C,C,not bleached,82,y1
84,8,5/6/15,25,3,0,0.023585156,NA,0.023585156,0,C,C,C,not bleached,194,y1
84,8,8/11/15,25,3,0,0.014518071,0,0.014518071,0,C,C,C,not bleached,291,y2
84,8,9/14/15,25,3,0,0.09713894,0,0.09713894,0,C,C,C,not bleached,325,y2
84,8,10/1/15,25,3,0,0.022996268,0,0.022996268,0,C,C,C,not bleached,342,y2
84,8,10/21/15,25,3,0,0.015276349,0,0.015276349,0,C,C,C,not bleached,362,y2
84,8,11/4/15,25,3,0,0.173281982,0,0.173281982,0,C,C,C,not bleached,376,y2
84,8,12/4/15,25,NA,NA,0.042383412,0,0.042383412,0,C,C,C,not bleached,406,y2
84,8,12/17/15,25,3,0,0.174511444,0,0.174511444,0,C,C,C,not bleached,419,y2
84,8,1/20/16,25,3,0,0.014561911,0,0.014561911,0,C,C,C,not bleached,453,y2
84,8,2/11/16,25,3,0,0.035517985,0,0.035517985,0,C,C,C,not bleached,475,y2
84,8,3/31/16,25,NA,NA,0.006892502,0,0.006892502,0,C,C,C,not bleached,524,y2
91,3,10/24/14,25,1,0,0.001229269,NA,0.001229269,0,C,C,C,bleached,0,y1
91,3,11/4/14,25,2,0,0.024367516,NA,0.024367516,0,C,C,C,bleached,11,y1
91,3,11/24/14,25,2,0,0.006085777,NA,0.006085777,0,C,C,C,bleached,31,y1
91,3,12/16/14,25,2,0,0.077764851,NA,0.077764851,0,C,C,C,bleached,53,y1
91,3,1/14/15,25,NA,missing,NA,NA,NA,NA,NA,NA,NA,NA,82,y1
91,3,5/6/15,25,NA,missing,NA,NA,NA,NA,NA,NA,NA,NA,194,y1
91,3,8/11/15,25,NA,missing,NA,NA,NA,NA,NA,NA,NA,NA,291,y2
91,3,9/14/15,25,NA,missing,NA,NA,NA,NA,NA,NA,NA,NA,325,y2
91,3,10/1/15,25,NA,missing,NA,NA,NA,NA,NA,NA,NA,NA,342,y2
91,3,10/21/15,25,NA,missing,NA,NA,NA,NA,NA,NA,NA,NA,362,y2
91,3,11/4/15,25,NA,missing,NA,NA,NA,NA,NA,NA,NA,NA,376,y2
91,3,12/17/15,25,NA,missing,NA,NA,NA,NA,NA,NA,NA,NA,419,y2
91,3,1/20/16,25,NA,missing,NA,NA,NA,NA,NA,NA,NA,NA,453,y2
91,3,2/11/16,25,NA,missing,NA,NA,NA,NA,NA,NA,NA,NA,475,y2
92,3,10/24/14,25,3,0,0.323894828,0.069138148,0.393032977,0.175909281,CD,C,C,not bleached,0,y1
92,3,11/4/14,25,3,0,0.013417541,0.038858208,0.052275749,0.743331446,DC,D,C,not bleached,11,y1
92,3,11/24/14,25,3,0,0.024636932,0.006412861,0.031049793,0.206534752,CD,C,C,not bleached,31,y1
92,3,12/16/14,25,3,0,0.016975374,0.027459471,0.044434845,0.617971579,DC,D,C,not bleached,53,y1
92,3,1/14/15,25,NA,missing,NA,NA,NA,NA,NA,NA,NA,NA,82,y1
92,3,5/6/15,25,NA,missing,NA,NA,NA,NA,NA,NA,NA,NA,194,y1
92,3,8/11/15,25,NA,missing,NA,NA,NA,NA,NA,NA,NA,NA,291,y2
92,3,9/14/15,25,NA,missing,NA,NA,NA,NA,NA,NA,NA,NA,325,y2
92,3,10/1/15,25,NA,missing,NA,NA,NA,NA,NA,NA,NA,NA,342,y2
92,3,10/21/15,25,NA,missing,NA,NA,NA,NA,NA,NA,NA,NA,362,y2
92,3,11/4/15,25,NA,missing,NA,NA,NA,NA,NA,NA,NA,NA,376,y2
92,3,12/17/15,25,NA,missing,NA,NA,NA,NA,NA,NA,NA,NA,419,y2
92,3,1/20/16,25,NA,missing,NA,NA,NA,NA,NA,NA,NA,NA,453,y2
92,3,2/11/16,25,NA,missing,NA,NA,NA,NA,NA,NA,NA,NA,475,y2